1	Ребята	ребята	NOUN	_	Animacy=Anim|Case=Nom|Gender=Neut|Number=Plur	_	_	_	@mdm1990f-words#@mdm1990f#0.007#0.366
2	/	/	PUNCT	_	_	_	_	_	@mdm1990f-words#@mdm1990f#0.366#0.725
3	Саша	Саша	PROPN	_	_	_	_	_	@mdm1990f-words#@mdm1990f#0.725#1.084
4	/	/	PUNCT	_	_	_	_	_	@mdm1990f-words#@mdm1990f#1.084#1.443
5	/	/	PUNCT	_	_	_	_	_	@mdm1990f-words#@mdm1990f#1.443#1.802
6	ты	ты	PRON	_	Case=Nom|Number=Sing|Person=2	_	_	_	@mdm1990f-words#@mdm1990f#1.802#2.161
7	в	в	ADP	_	_	_	_	_	@mdm1990f-words#@mdm1990f#2.161#2.52
8	октябре	октябрь	NOUN	_	Animacy=Inan|Case=Loc|Gender=Masc|Number=Sing	_	_	_	@mdm1990f-words#@mdm1990f#2.52#2.879
9	написала	написать	VERB	_	Aspect=Perf|Gender=Fem|Mood=Ind|Number=Sing|Tense=Past|VerbForm=Fin|Voice=Act	_	_	_	@mdm1990f-words#@mdm1990f#2.879#3.238
10	/	/	PUNCT	_	_	_	_	_	@mdm1990f-words#@mdm1990f#3.238#3.597
11	что	что	SCONJ	_	_	_	_	_	@mdm1990f-words#@mdm1990f#3.597#3.956
12	у	у	ADP	_	_	_	_	_	@mdm1990f-words#@mdm1990f#3.956#4.315
13	тебя	ты	PRON	_	Case=Gen|Number=Sing|Person=2	_	_	_	@mdm1990f-words#@mdm1990f#4.315#4.674
14	доход	доход	NOUN	_	Animacy=Inan|Case=Nom|Gender=Masc|Number=Sing	_	_	_	@mdm1990f-words#@mdm1990f#4.674#5.033
15	аа..	аа	INTJ	_	_	_	_	_	@mdm1990f-words#@mdm1990f#5.033#5.392
16	шесть	шесть	NUM	_	Case=Acc	_	_	_	@mdm1990f-words#@mdm1990f#5.392#5.751
17	миллионов	миллион	NOUN	_	Animacy=Inan|Case=Gen|Gender=Masc|Number=Plur	_	_	_	@mdm1990f-words#@mdm1990f#5.751#6.11
18	рублей	рубль	NOUN	_	Animacy=Inan|Case=Gen|Gender=Masc|Number=Plur	_	_	_	@mdm1990f-words#@mdm1990f#6.11#6.469
19	/	/	PUNCT	_	_	_	_	_	@mdm1990f-words#@mdm1990f#6.469#6.828
20	сто	сто	NUM	_	Case=Nom	_	_	_	@mdm1990f-words#@mdm1990f#6.828#7.187
21	тысяч	тысяча	NOUN	_	Animacy=Inan|Case=Gen|Gender=Fem|Number=Plur	_	_	_	@mdm1990f-words#@mdm1990f#7.187#7.546
22	долларов	доллар	NOUN	_	Animacy=Inan|Case=Gen|Gender=Masc|Number=Plur	_	_	_	@mdm1990f-words#@mdm1990f#7.546#7.905
23	в	в	ADP	_	_	_	_	_	@mdm1990f-words#@mdm1990f#7.905#8.264
24	месяц	месяц	NOUN	_	Animacy=Inan|Case=Acc|Gender=Masc|Number=Sing	_	_	_	@mdm1990f-words#@mdm1990f#8.264#8.623
25	/	/	PUNCT	_	_	_	_	_	@mdm1990f-words#@mdm1990f#8.623#8.982
26	/	/	PUNCT	_	_	_	_	_	@mdm1990f-words#@mdm1990f#8.982#9.341
27	вау	вау	INTJ	_	_	_	_	_	@mdm1990f-words#@mdm1990f#9.341#9.7
28	/	/	PUNCT	_	_	_	_	_	@mdm1990f-words#@mdm1990f#9.7#10.059
29	во-первых	во-первых	ADV	_	Degree=Pos	_	_	_	@mdm1990f-words#@mdm1990f#10.059#10.418
30	поздравляю	поздравлять	VERB	_	Aspect=Imp|Mood=Ind|Number=Sing|Person=1|Tense=Pres|VerbForm=Fin|Voice=Act	_	_	_	@mdm1990f-words#@mdm1990f#10.418#10.777
31	это	это	PRON	_	Animacy=Inan|Case=Nom|Gender=Neut|Number=Sing	_	_	_	@mdm1990f-words#@mdm1990f#10.777#11.136
32	очень	очень	ADV	_	Degree=Pos	_	_	_	@mdm1990f-words#@mdm1990f#11.136#11.495
33	круто	крутой	ADJ	_	Degree=Pos|Gender=Neut|Number=Sing|Variant=Short	_	_	_	@mdm1990f-words#@mdm1990f#11.495#11.854
34	/	/	PUNCT	_	_	_	_	_	@mdm1990f-words#@mdm1990f#11.854#12.213
35	а	а	CCONJ	_	_	_	_	_	@mdm1990f-words#@mdm1990f#12.213#12.572
36	можешь	мочь	VERB	_	Aspect=Imp|Mood=Ind|Number=Sing|Person=2|Tense=Pres|VerbForm=Fin|Voice=Act	_	_	_	@mdm1990f-words#@mdm1990f#12.572#12.931
37	рассказать	рассказать	VERB	_	Aspect=Perf|VerbForm=Inf|Voice=Act	_	_	_	@mdm1990f-words#@mdm1990f#12.931#13.29
38	какие	какой	DET	_	Case=Acc|Number=Plur	_	_	_	@mdm1990f-words#@mdm1990f#13.29#13.649
39	источники	источник	NOUN	_	Animacy=Inan|Case=Acc|Gender=Masc|Number=Plur	_	_	_	@mdm1990f-words#@mdm1990f#13.649#14.008
40	основные	основной	ADJ	_	Animacy=Inan|Case=Acc|Degree=Pos|Number=Plur	_	_	_	@mdm1990f-words#@mdm1990f#14.008#14.367
41	у	у	ADP	_	_	_	_	_	@mdm1990f-words#@mdm1990f#14.367#14.726
42	тебя	ты	PRON	_	Case=Gen|Number=Sing|Person=2	_	_	_	@mdm1990f-words#@mdm1990f#14.726#15.085
43	?	?	PUNCT	_	_	_	_	_	@mdm1990f-words#@mdm1990f#15.085#15.48
44	Угу	угу	INTJ	_	Animacy=Anim|Case=Nom|Gender=Masc|Number=Sing	_	_	_	@mdm1990f-words#@mdm1990f#29.194#29.666
45	Одна	один	DET	_	Case=Nom|Degree=Pos|Gender=Fem|Number=Sing	_	_	_	@mdm1990f-words#@mdm1990f#31.062#31.346
46	да	да	PART	_	_	_	_	_	@mdm1990f-words#@mdm1990f#31.346#31.63
47	сторис	сторис	NOUN	_	Animacy=Anim|Case=Nom|Gender=Masc|Number=Sing	_	_	_	@mdm1990f-words#@mdm1990f#31.63#31.914
48	?	?	PUNCT	_	_	_	_	_	@mdm1990f-words#@mdm1990f#31.914#32.201
49	Угу	угу	INTJ	_	Animacy=Anim|Case=Nom|Gender=Masc|Number=Sing	_	_	_	@mdm1990f-words#@mdm1990f#32.853#33.211
50	Угу	угу	INTJ	_	Animacy=Anim|Case=Nom|Gender=Masc|Number=Sing	_	_	_	@mdm1990f-words#@mdm1990f#54.593#55.042
51	/	/	PUNCT	_	_	_	_	_	@mdm1990f-words#@mdm1990f#55.042#55.491
52	/	/	PUNCT	_	_	_	_	_	@mdm1990f-words#@mdm1990f#55.491#55.94
53	круто	крутой	ADV	_	Degree=Pos	_	_	_	@mdm1990f-words#@mdm1990f#55.94#56.39
54	Угу	Угу	INTJ	_	Animacy=Anim|Case=Nom|Gender=Masc|Number=Sing	_	_	_	@mdm1990f-words#@mdm1990f#62.46#63.08
55	А	а	CCONJ	_	_	_	_	_	@mdm1990f-words#@mdm1990f#68.055#68.287
56	то	то	SCONJ	_	_	_	_	_	@mdm1990f-words#@mdm1990f#68.287#68.519
57	что	что	PRON	_	Case=Nom	_	_	_	@mdm1990f-words#@mdm1990f#68.519#68.751
58	одежду	одежду	ADP	_	_	_	_	_	@mdm1990f-words#@mdm1990f#68.751#68.983
59	ты	ты	PRON	_	Case=Nom|Number=Sing|Person=2	_	_	_	@mdm1990f-words#@mdm1990f#68.983#69.215
60	запустило	запустить	VERB	_	Aspect=Perf|Gender=Neut|Mood=Ind|Number=Sing|Tense=Past|VerbForm=Fin|Voice=Act	_	_	_	@mdm1990f-words#@mdm1990f#69.215#69.447
61	оно	оно	PRON	_	Case=Nom|Gender=Neut|Number=Sing|Person=3	_	_	_	@mdm1990f-words#@mdm1990f#69.447#69.679
62	вообще	вообще	ADV	_	Degree=Pos	_	_	_	@mdm1990f-words#@mdm1990f#69.679#69.911
63	как	как	SCONJ	_	_	_	_	_	@mdm1990f-words#@mdm1990f#69.911#70.143
64	по	по	ADP	_	_	_	_	_	@mdm1990f-words#@mdm1990f#70.143#70.375
65	деньгам	деньги	NOUN	_	Animacy=Inan|Case=Dat|Gender=Fem|Number=Plur	_	_	_	@mdm1990f-words#@mdm1990f#70.375#70.607
66	#одновременно#	#одновременно#	X	_	Animacy=Inan|Case=Gen|Gender=Fem|Number=Sing	_	_	_	@mdm1990f-words#@mdm1990f#70.607#70.85
67	Понятно	понятный	ADJ	_	Degree=Pos|Gender=Neut|Number=Sing|Variant=Short	_	_	_	@mdm1990f-words#@mdm1990f#77.27#77.538
68	/	/	PUNCT	_	_	_	_	_	@mdm1990f-words#@mdm1990f#77.538#77.806
69	ну	ну	INTJ	_	_	_	_	_	@mdm1990f-words#@mdm1990f#77.806#78.074
70	а	а	CCONJ	_	_	_	_	_	@mdm1990f-words#@mdm1990f#78.074#78.342
71	вот	вот	PART	_	_	_	_	_	@mdm1990f-words#@mdm1990f#78.342#78.61
72	как	как	ADV	_	Degree=Pos	_	_	_	@mdm1990f-words#@mdm1990f#78.61#78.878
73	ты	ты	PRON	_	Case=Nom|Number=Sing|Person=2	_	_	_	@mdm1990f-words#@mdm1990f#78.878#79.146
74	думаешь	думать	VERB	_	Aspect=Imp|Mood=Ind|Number=Sing|Person=2|Tense=Pres|VerbForm=Fin|Voice=Act	_	_	_	@mdm1990f-words#@mdm1990f#79.146#79.414
75	ты	ты	PRON	_	Case=Nom|Number=Sing|Person=2	_	_	_	@mdm1990f-words#@mdm1990f#79.414#79.682
76	сможешь	смочь	VERB	_	Aspect=Perf|Mood=Ind|Number=Sing|Person=2|Tense=Fut|VerbForm=Fin|Voice=Act	_	_	_	@mdm1990f-words#@mdm1990f#79.682#79.95
77	продолжать	продолжать	VERB	_	Aspect=Imp|VerbForm=Inf|Voice=Act	_	_	_	@mdm1990f-words#@mdm1990f#79.95#80.218
78	/	/	PUNCT	_	_	_	_	_	@mdm1990f-words#@mdm1990f#80.218#80.486
79	потому	потому	SCONJ	_	Degree=Pos	_	_	_	@mdm1990f-words#@mdm1990f#80.486#80.754
80	что	что	SCONJ	_	_	_	_	_	@mdm1990f-words#@mdm1990f#80.754#81.022
81	вот	вот	PART	_	_	_	_	_	@mdm1990f-words#@mdm1990f#81.022#81.29
82	мы	мы	PRON	_	Case=Nom|Number=Plur|Person=1	_	_	_	@mdm1990f-words#@mdm1990f#81.29#81.558
83	запускали	запускать	VERB	_	Aspect=Perf|Mood=Ind|Number=Plur|Tense=Past|VerbForm=Fin|Voice=Act	_	_	_	@mdm1990f-words#@mdm1990f#81.558#81.826
84	лингвобуки	лингвобука	NOUN	_	Animacy=Inan|Case=Acc|Gender=Fem|Number=Plur	_	_	_	@mdm1990f-words#@mdm1990f#81.826#82.094
85	/	/	PUNCT	_	_	_	_	_	@mdm1990f-words#@mdm1990f#82.094#82.362
86	мы	мы	PRON	_	Case=Nom|Number=Plur|Person=1	_	_	_	@mdm1990f-words#@mdm1990f#82.362#82.63
87	делали	делать	VERB	_	Aspect=Imp|Mood=Ind|Number=Plur|Tense=Past|VerbForm=Fin|Voice=Act	_	_	_	@mdm1990f-words#@mdm1990f#82.63#82.898
88	ежедневники	ежедневник	NOUN	_	Animacy=Inan|Case=Acc|Gender=Masc|Number=Plur	_	_	_	@mdm1990f-words#@mdm1990f#82.898#83.166
89	для	для	ADP	_	_	_	_	_	@mdm1990f-words#@mdm1990f#83.166#83.434
90	изучающих	изучать	VERB	_	Aspect=Imp|Case=Gen|Number=Plur|Tense=Pres|VerbForm=Part|Voice=Act	_	_	_	@mdm1990f-words#@mdm1990f#83.434#83.702
91	английский	английский	ADJ	_	Animacy=Inan|Case=Acc|Degree=Pos|Gender=Masc|Number=Sing	_	_	_	@mdm1990f-words#@mdm1990f#83.702#83.97
92	/	/	PUNCT	_	_	_	_	_	@mdm1990f-words#@mdm1990f#83.97#84.238
93	офигенно	офигенно	ADV	_	Degree=Pos	_	_	_	@mdm1990f-words#@mdm1990f#84.238#84.506
94	/	/	PUNCT	_	_	_	_	_	@mdm1990f-words#@mdm1990f#84.506#84.774
95	все	все	PRON	_	Animacy=Anim|Case=Nom|Number=Plur	_	_	_	@mdm1990f-words#@mdm1990f#84.774#85.042
96	просто	просто	PART	_	_	_	_	_	@mdm1990f-words#@mdm1990f#85.042#85.31
97	очень	очень	ADV	_	Degree=Pos	_	_	_	@mdm1990f-words#@mdm1990f#85.31#85.578
98	любили	любить	VERB	_	Aspect=Imp|Mood=Ind|Number=Plur|Tense=Past|VerbForm=Fin|Voice=Act	_	_	_	@mdm1990f-words#@mdm1990f#85.578#85.846
99	[нрзб]	[нрзб]	PUNCT	_	_	_	_	_	@mdm1990f-words#@mdm1990f#85.846#86.114
100	мы	мы	PRON	_	Case=Nom|Number=Plur|Person=1	_	_	_	@mdm1990f-words#@mdm1990f#86.114#86.382
101	были	быть	AUX	_	Aspect=Imp|Mood=Ind|Number=Plur|Tense=Past|VerbForm=Fin|Voice=Act	_	_	_	@mdm1990f-words#@mdm1990f#86.382#86.65
102	солдаут	солдаут	NOUN	_	Animacy=Inan|Case=Nom|Gender=Masc|Number=Sing	_	_	_	@mdm1990f-words#@mdm1990f#86.65#86.918
103	быстро	быстро	ADV	_	Degree=Pos	_	_	_	@mdm1990f-words#@mdm1990f#86.918#87.186
104	/	/	PUNCT	_	_	_	_	_	@mdm1990f-words#@mdm1990f#87.186#87.454
105	но	но	CCONJ	_	_	_	_	_	@mdm1990f-words#@mdm1990f#87.454#87.722
106	я	я	PRON	_	Case=Nom|Number=Sing|Person=1	_	_	_	@mdm1990f-words#@mdm1990f#87.722#87.99
107	поняла	понять	VERB	_	Aspect=Perf|Gender=Fem|Mood=Ind|Number=Sing|Tense=Past|VerbForm=Fin|Voice=Act	_	_	_	@mdm1990f-words#@mdm1990f#87.99#88.258
108	что	что	SCONJ	_	_	_	_	_	@mdm1990f-words#@mdm1990f#88.258#88.526
109	по	по	ADP	_	_	_	_	_	@mdm1990f-words#@mdm1990f#88.526#88.794
110	деньгам	деньги	NOUN	_	Animacy=Inan|Case=Dat|Gender=Fem|Number=Plur	_	_	_	@mdm1990f-words#@mdm1990f#88.794#89.062
111	это	это	PRON	_	Animacy=Inan|Case=Nom|Gender=Neut|Number=Sing	_	_	_	@mdm1990f-words#@mdm1990f#89.062#89.33
112	смешно	смешной	ADJ	_	Degree=Pos|Gender=Neut|Number=Sing|Variant=Short	_	_	_	@mdm1990f-words#@mdm1990f#89.33#89.598
113	мы	мы	PRON	_	Case=Nom|Number=Plur|Person=1	_	_	_	@mdm1990f-words#@mdm1990f#89.598#89.866
114	заработали	заработать	VERB	_	Aspect=Perf|Mood=Ind|Number=Plur|Tense=Past|VerbForm=Fin|Voice=Act	_	_	_	@mdm1990f-words#@mdm1990f#89.866#90.134
115	на	на	ADP	_	_	_	_	_	@mdm1990f-words#@mdm1990f#90.134#90.402
116	всей	весь	DET	_	Case=Gen|Gender=Fem|Number=Sing	_	_	_	@mdm1990f-words#@mdm1990f#90.402#90.67
117	этой	этот	DET	_	Case=Gen|Gender=Fem|Number=Sing	_	_	_	@mdm1990f-words#@mdm1990f#90.67#90.938
118	партии	партия	NOUN	_	Animacy=Inan|Case=Gen|Gender=Fem|Number=Sing	_	_	_	@mdm1990f-words#@mdm1990f#90.938#91.206
119	типа	типа	PART	_	_	_	_	_	@mdm1990f-words#@mdm1990f#91.206#91.474
120	/	/	PUNCT	_	_	_	_	_	@mdm1990f-words#@mdm1990f#91.474#91.742
121	10000	10000	NUM	_	_	_	_	_	@mdm1990f-words#@mdm1990f#91.742#92.01
122	долларов	доллар	NOUN	_	Animacy=Inan|Case=Gen|Gender=Masc|Number=Plur	_	_	_	@mdm1990f-words#@mdm1990f#92.01#92.278
123	/	/	PUNCT	_	_	_	_	_	@mdm1990f-words#@mdm1990f#92.278#92.546
124	/	/	PUNCT	_	_	_	_	_	@mdm1990f-words#@mdm1990f#92.546#92.814
125	усилий	усилие	NOUN	_	Animacy=Inan|Case=Gen|Gender=Neut|Number=Plur	_	_	_	@mdm1990f-words#@mdm1990f#92.814#93.082
126	моих	мой	DET	_	Case=Gen|Number=Plur	_	_	_	@mdm1990f-words#@mdm1990f#93.082#93.35
127	потрачено	потратить	VERB	_	Aspect=Perf|Gender=Neut|Number=Sing|Tense=Past|Variant=Short|VerbForm=Part|Voice=Pass	_	_	_	@mdm1990f-words#@mdm1990f#93.35#93.618
128	вот	вот	PART	_	_	_	_	_	@mdm1990f-words#@mdm1990f#93.618#93.886
129	столько	столько	ADV	_	Degree=Pos	_	_	_	@mdm1990f-words#@mdm1990f#93.886#94.154
130	я	я	PRON	_	Case=Nom|Number=Sing|Person=1	_	_	_	@mdm1990f-words#@mdm1990f#94.154#94.422
131	же	же	PART	_	_	_	_	_	@mdm1990f-words#@mdm1990f#94.422#94.69
132	все	все	PART	_	_	_	_	_	@mdm1990f-words#@mdm1990f#94.69#94.958
133	хотела	хотеть	VERB	_	Aspect=Imp|Gender=Fem|Mood=Ind|Number=Sing|Tense=Past|VerbForm=Fin|Voice=Act	_	_	_	@mdm1990f-words#@mdm1990f#94.958#95.226
134	проверить	проверить	VERB	_	Aspect=Perf|VerbForm=Inf|Voice=Act	_	_	_	@mdm1990f-words#@mdm1990f#95.226#95.494
135	сама	сам	ADV	_	Degree=Pos	_	_	_	@mdm1990f-words#@mdm1990f#95.494#95.762
136	что	что	SCONJ	_	_	_	_	_	@mdm1990f-words#@mdm1990f#95.762#96.03
137	все	весь	DET	_	Case=Acc|Gender=Neut|Number=Sing	_	_	_	@mdm1990f-words#@mdm1990f#96.03#96.298
138	клево	клево	ADV	_	Degree=Pos	_	_	_	@mdm1990f-words#@mdm1990f#96.298#96.624
139	Будешь	быть	AUX	_	Aspect=Imp|Mood=Ind|Number=Sing|Person=2|Tense=Pres|VerbForm=Fin|Voice=Act	_	_	_	@mdm1990f-words#@mdm1990f#123.326#123.616
140	делать	делать	VERB	_	Aspect=Imp|VerbForm=Inf|Voice=Act	_	_	_	@mdm1990f-words#@mdm1990f#123.616#123.906
141	да	да	PART	_	_	_	_	_	@mdm1990f-words#@mdm1990f#123.906#124.196
142	/	/	PUNCT	_	_	_	_	_	@mdm1990f-words#@mdm1990f#124.196#124.486
143	свои	свой	DET	_	Case=Acc|Number=Plur	_	_	_	@mdm1990f-words#@mdm1990f#124.486#124.776
144	худи	худи	NOUN	_	Animacy=Inan|Case=Acc|Gender=Fem|Number=Plur	_	_	_	@mdm1990f-words#@mdm1990f#124.776#125.066
145	да	да	CCONJ	_	_	_	_	_	@mdm1990f-words#@mdm1990f#125.066#125.356
146	/	/	PUNCT	_	_	_	_	_	@mdm1990f-words#@mdm1990f#125.356#125.646
147	у	у	ADP	_	_	_	_	_	@mdm1990f-words#@mdm1990f#125.646#125.936
148	тебя	ты	PRON	_	Case=Gen|Number=Sing|Person=2	_	_	_	@mdm1990f-words#@mdm1990f#125.936#126.226
149	футболки	футболка	NOUN	_	Animacy=Inan|Case=Acc|Gender=Fem|Number=Plur	_	_	_	@mdm1990f-words#@mdm1990f#126.226#126.516
150	/	/	PUNCT	_	_	_	_	_	@mdm1990f-words#@mdm1990f#126.516#126.806
151	/	/	PUNCT	_	_	_	_	_	@mdm1990f-words#@mdm1990f#126.806#127.096
152	ты	ты	PRON	_	Case=Nom|Number=Sing|Person=2	_	_	_	@mdm1990f-words#@mdm1990f#127.096#127.386
153	очень	очень	ADV	_	Degree=Pos	_	_	_	@mdm1990f-words#@mdm1990f#127.386#127.676
154	заморочилась	заморочиться	VERB	_	Aspect=Perf|Gender=Fem|Mood=Ind|Number=Sing|Tense=Past|VerbForm=Fin|Voice=Mid	_	_	_	@mdm1990f-words#@mdm1990f#127.676#127.966
155	по	по	ADP	_	_	_	_	_	@mdm1990f-words#@mdm1990f#127.966#128.256
156	качеству	качество	NOUN	_	Animacy=Inan|Case=Dat|Gender=Neut|Number=Sing	_	_	_	@mdm1990f-words#@mdm1990f#128.256#128.546
157	молодец	молодец	NOUN	_	Animacy=Inan|Case=Gen|Gender=Neut|Number=Plur	_	_	_	@mdm1990f-words#@mdm1990f#128.546#128.836
158	я	я	PRON	_	Case=Nom|Number=Sing|Person=1	_	_	_	@mdm1990f-words#@mdm1990f#128.836#129.126
159	видела	видеть	VERB	_	Aspect=Imp|Gender=Fem|Mood=Ind|Number=Sing|Tense=Past|VerbForm=Fin|Voice=Act	_	_	_	@mdm1990f-words#@mdm1990f#129.126#129.416
160	что	что	SCONJ	_	_	_	_	_	@mdm1990f-words#@mdm1990f#129.416#129.706
161	прям	прямо	INTJ	_	_	_	_	_	@mdm1990f-words#@mdm1990f#129.706#129.996
162	добивала	добивать	VERB	_	Aspect=Imp|Gender=Fem|Mood=Ind|Number=Sing|Tense=Past|VerbForm=Fin|Voice=Act	_	_	_	@mdm1990f-words#@mdm1990f#129.996#130.286
163	фабрику	фабрика	NOUN	_	Animacy=Inan|Case=Acc|Gender=Fem|Number=Sing	_	_	_	@mdm1990f-words#@mdm1990f#130.286#130.596
164	Круто	круто	ADJ	_	Degree=Pos|Gender=Neut|Number=Sing|Variant=Short	_	_	_	@mdm1990f-words#@mdm1990f#133.805#134.143
165	На	на	ADP	_	_	_	_	_	@mdm1990f-words#@mdm1990f#137.772#138.016
166	который	который	PRON	_	Case=Acc	_	_	_	@mdm1990f-words#@mdm1990f#138.016#138.26
167	ты	ты	PRON	_	Case=Nom|Number=Sing|Person=2	_	_	_	@mdm1990f-words#@mdm1990f#138.26#138.504
168	грант	грант	NOUN	_	Animacy=Anim|Case=Nom|Gender=Masc|Number=Sing	_	_	_	@mdm1990f-words#@mdm1990f#138.504#138.748
169	недавно	недавно	ADV	_	Degree=Pos	_	_	_	@mdm1990f-words#@mdm1990f#138.748#138.992
170	получила	получить	VERB	_	Aspect=Perf|Gender=Fem|Mood=Ind|Number=Sing|Tense=Past|VerbForm=Fin|Voice=Act	_	_	_	@mdm1990f-words#@mdm1990f#138.992#139.236
171	да	да	PART	_	_	_	_	_	@mdm1990f-words#@mdm1990f#139.236#139.48
172	?	?	PUNCT	_	_	_	_	_	@mdm1990f-words#@mdm1990f#139.48#139.724
173	Миллион	миллион	NUM	_	Case=Acc	_	_	_	@mdm1990f-words#@mdm1990f#140.054#140.249
174	рублей	рубль	NOUN	_	Animacy=Inan|Case=Gen|Gender=Masc|Number=Plur	_	_	_	@mdm1990f-words#@mdm1990f#140.249#140.444
175	да	да	PART	_	_	_	_	_	@mdm1990f-words#@mdm1990f#140.444#140.639
176	от	от	ADP	_	_	_	_	_	@mdm1990f-words#@mdm1990f#140.639#140.834
177	яндекса	яндекс	NOUN	_	Animacy=Inan|Case=Gen|Gender=Masc|Number=Sing	_	_	_	@mdm1990f-words#@mdm1990f#140.834#141.029
178	?	?	PUNCT	_	_	_	_	_	@mdm1990f-words#@mdm1990f#141.029#141.227
179	Супер	Супер	PROPN	_	Animacy=Anim|Case=Nom|Gender=Masc|Number=Sing	_	_	_	@mdm1990f-words#@mdm1990f#141.513#141.813
180	Угу	угу	INTJ	_	Animacy=Anim|Case=Nom|Gender=Masc|Number=Sing	_	_	_	@mdm1990f-words#@mdm1990f#144.686#144.948
181	/	/	PUNCT	_	_	_	_	_	@mdm1990f-words#@mdm1990f#144.948#145.21
182	я	я	PRON	_	Case=Nom|Number=Sing|Person=1	_	_	_	@mdm1990f-words#@mdm1990f#145.21#145.472
183	там	там	ADV	_	Degree=Pos	_	_	_	@mdm1990f-words#@mdm1990f#145.472#145.734
184	состою	состоять	VERB	_	Aspect=Imp|Mood=Ind|Number=Sing|Person=1|Tense=Pres|VerbForm=Fin|Voice=Act	_	_	_	@mdm1990f-words#@mdm1990f#145.734#145.996
185	/	/	PUNCT	_	_	_	_	_	@mdm1990f-words#@mdm1990f#145.996#146.258
186	меня	я	PRON	_	Case=Acc|Number=Sing|Person=1	_	_	_	@mdm1990f-words#@mdm1990f#146.258#146.52
187	взяли	взять	VERB	_	Aspect=Perf|Mood=Ind|Number=Plur|Tense=Past|VerbForm=Fin|Voice=Act	_	_	_	@mdm1990f-words#@mdm1990f#146.52#146.782
188	тоже	тоже	PART	_	_	_	_	_	@mdm1990f-words#@mdm1990f#146.782#147.044
189	А	а	CCONJ	_	_	_	_	_	@mdm1990f-words#@mdm1990f#165.2#165.529
190	как	как	SCONJ	_	_	_	_	_	@mdm1990f-words#@mdm1990f#165.529#165.858
191	Америка	Америка	PROPN	_	_	_	_	_	@mdm1990f-words#@mdm1990f#165.858#166.187
192	расскажи	рассказать	VERB	_	Aspect=Perf|Mood=Imp|Number=Sing|Person=2|VerbForm=Fin|Voice=Act	_	_	_	@mdm1990f-words#@mdm1990f#166.187#166.516
193	/	/	PUNCT	_	_	_	_	_	@mdm1990f-words#@mdm1990f#166.516#166.845
194	/	/	PUNCT	_	_	_	_	_	@mdm1990f-words#@mdm1990f#166.845#167.174
195	тебе	ты	PRON	_	Case=Dat|Number=Sing|Person=2	_	_	_	@mdm1990f-words#@mdm1990f#167.174#167.506
196	Угу	угу	INTJ	_	Animacy=Anim|Case=Nom|Gender=Masc|Number=Sing	_	_	_	@mdm1990f-words#@mdm1990f#173.592#174.222
197	Local	Local	PROPN	_	Foreign=Yes	_	_	_	@mdm1990f-words#@mdm1990f#189.395#190.395
198	Угу	угу	INTJ	_	Animacy=Anim|Case=Nom|Gender=Masc|Number=Sing	_	_	_	@mdm1990f-words#@mdm1990f#197.654#197.937
199	ты	ты	PRON	_	Case=Nom|Number=Sing|Person=2	_	_	_	@mdm1990f-words#@mdm1990f#197.937#198.22
200	видишь	видеть	VERB	_	Aspect=Imp|Mood=Ind|Number=Sing|Person=2|Tense=Pres|VerbForm=Fin|Voice=Act	_	_	_	@mdm1990f-words#@mdm1990f#198.22#198.503
201	себя	себя	PRON	_	Case=Acc	_	_	_	@mdm1990f-words#@mdm1990f#198.503#198.786
202	здесь	здесь	ADV	_	Degree=Pos	_	_	_	@mdm1990f-words#@mdm1990f#198.786#199.069
203	вообще	вообще	ADV	_	Degree=Pos	_	_	_	@mdm1990f-words#@mdm1990f#199.069#199.352
204	/	/	PUNCT	_	_	_	_	_	@mdm1990f-words#@mdm1990f#199.352#199.635
205	/	/	PUNCT	_	_	_	_	_	@mdm1990f-words#@mdm1990f#199.635#199.918
206	если	если	SCONJ	_	_	_	_	_	@mdm1990f-words#@mdm1990f#199.918#200.201
207	жить	жить	VERB	_	Aspect=Imp|VerbForm=Inf|Voice=Act	_	_	_	@mdm1990f-words#@mdm1990f#200.201#200.484
208	или	или	CCONJ	_	_	_	_	_	@mdm1990f-words#@mdm1990f#200.484#200.777
209	Часть	часть	PROPN	_	Animacy=Inan|Case=Nom|Gender=Fem|Number=Sing	_	_	_	@mdm1990f-words#@mdm1990f#201.32#201.643
210	года	год	NOUN	_	Animacy=Inan|Case=Gen|Gender=Masc|Number=Sing	_	_	_	@mdm1990f-words#@mdm1990f#201.643#201.966
211	/	/	PUNCT	_	_	_	_	_	@mdm1990f-words#@mdm1990f#201.966#202.289
212	не	не	PART	_	_	_	_	_	@mdm1990f-words#@mdm1990f#202.289#202.612
213	знаешь	знать	VERB	_	Aspect=Imp|Mood=Ind|Number=Sing|Person=2|Tense=Pres|VerbForm=Fin|Voice=Act	_	_	_	@mdm1990f-words#@mdm1990f#202.612#202.938
214	Угу	угу	INTJ	_	Animacy=Anim|Case=Nom|Gender=Masc|Number=Sing	_	_	_	@mdm1990f-words#@mdm1990f#207.336#207.726
215	Ну	ну	INTJ	_	_	_	_	_	@mdm1990f-words#@mdm1990f#211.765#212.123
216	он	он	PRON	_	Case=Nom|Gender=Masc|Number=Sing|Person=3	_	_	_	@mdm1990f-words#@mdm1990f#212.123#212.481
217	расслабленный	расслабить	VERB	_	Aspect=Perf|Case=Nom|Gender=Masc|Number=Sing|Tense=Past|VerbForm=Part|Voice=Pass	_	_	_	@mdm1990f-words#@mdm1990f#212.481#212.839
218	Ну	ну	INTJ	_	_	_	_	_	@mdm1990f-words#@mdm1990f#213.493#213.729
219	это	это	PRON	_	Animacy=Inan|Case=Nom|Gender=Neut|Number=Sing	_	_	_	@mdm1990f-words#@mdm1990f#213.729#213.965
220	на	на	ADP	_	_	_	_	_	@mdm1990f-words#@mdm1990f#213.965#214.201
221	самом	самый	ADJ	_	Case=Loc|Degree=Pos|Gender=Neut|Number=Sing	_	_	_	@mdm1990f-words#@mdm1990f#214.201#214.437
222	деле	дело	NOUN	_	Animacy=Inan|Case=Loc|Gender=Neut|Number=Sing	_	_	_	@mdm1990f-words#@mdm1990f#214.437#214.673
223	Лос-Анджелес	Лос-Анджелес	PROPN	_	_	_	_	_	@mdm1990f-words#@mdm1990f#214.673#214.909
224	весь	весь	DET	_	Case=Nom|Gender=Masc|Number=Sing	_	_	_	@mdm1990f-words#@mdm1990f#214.909#215.145
225	такой	такой	DET	_	Case=Nom|Gender=Masc|Number=Sing	_	_	_	@mdm1990f-words#@mdm1990f#215.145#215.382
226	Chill	Chill	PROPN	_	Foreign=Yes	_	_	_	@mdm1990f-words#@mdm1990f#215.851#216.088
227	/	/	PUNCT	_	_	_	_	_	@mdm1990f-words#@mdm1990f#216.088#216.325
228	да	да	CCONJ	_	_	_	_	_	@mdm1990f-words#@mdm1990f#216.325#216.562
229	я	я	PRON	_	Case=Nom|Number=Sing|Person=1	_	_	_	@mdm1990f-words#@mdm1990f#216.562#216.799
230	тоже	тоже	PART	_	_	_	_	_	@mdm1990f-words#@mdm1990f#216.799#217.036
231	не	не	PART	_	_	_	_	_	@mdm1990f-words#@mdm1990f#217.036#217.273
232	могу	мочь	VERB	_	Aspect=Imp|Mood=Ind|Number=Sing|Person=1|Tense=Pres|VerbForm=Fin|Voice=Act	_	_	_	@mdm1990f-words#@mdm1990f#217.273#217.51
233	работать	работать	VERB	_	Aspect=Imp|VerbForm=Inf|Voice=Act	_	_	_	@mdm1990f-words#@mdm1990f#217.51#217.753
234	Угу	угу	INTJ	_	Animacy=Anim|Case=Nom|Gender=Masc|Number=Sing	_	_	_	@mdm1990f-words#@mdm1990f#219.913#220.271
235	Супер	Супер	INTJ	_	_	_	_	_	@mdm1990f-words#@mdm1990f#222.135#222.95
236	Пару	пара	NUM	_	Case=Acc|Gender=Fem|Number=Sing	_	_	_	@mdm1990f-words#@mdm1990f#235.098#235.359
237	недель	неделя	NOUN	_	Animacy=Inan|Case=Acc|Gender=Fem|Number=Sing	_	_	_	@mdm1990f-words#@mdm1990f#235.359#235.62
238	/	/	PUNCT	_	_	_	_	_	@mdm1990f-words#@mdm1990f#235.62#235.881
239	наверно	наверно	ADV	_	Degree=Pos	_	_	_	@mdm1990f-words#@mdm1990f#235.881#236.142
240	пару-тройку	пара-тройка	NUM	_	Case=Acc|Gender=Fem|Number=Sing	_	_	_	@mdm1990f-words#@mdm1990f#236.142#236.407
241	Ну	ну	INTJ	_	_	_	_	_	@mdm1990f-words#@mdm1990f#242.271#242.499
242	я	я	PRON	_	Case=Nom|Number=Sing|Person=1	_	_	_	@mdm1990f-words#@mdm1990f#242.499#242.727
243	тебе	ты	PRON	_	Case=Dat|Number=Sing|Person=2	_	_	_	@mdm1990f-words#@mdm1990f#242.727#242.955
244	подскажу	подсказать	VERB	_	Aspect=Perf|Mood=Ind|Number=Sing|Person=1|Tense=Fut|VerbForm=Fin|Voice=Act	_	_	_	@mdm1990f-words#@mdm1990f#242.955#243.183
245	пару	пара	NOUN	_	Animacy=Inan|Case=Acc|Gender=Fem|Number=Sing	_	_	_	@mdm1990f-words#@mdm1990f#243.183#243.411
246	школ	школа	NOUN	_	Animacy=Inan|Case=Gen|Gender=Fem|Number=Plur	_	_	_	@mdm1990f-words#@mdm1990f#243.411#243.639
247	/	/	PUNCT	_	_	_	_	_	@mdm1990f-words#@mdm1990f#243.639#243.867
248	хороших	хороший	ADJ	_	Case=Gen|Degree=Pos|Number=Plur	_	_	_	@mdm1990f-words#@mdm1990f#243.867#244.098
249	Да	да	PART	_	_	_	_	_	@mdm1990f-words#@mdm1990f#244.839#245.32
250	Саш	Саш	PROPN	_	Animacy=Inan|Case=Acc|Gender=Masc|Number=Sing	_	_	_	@mdm1990f-words#@mdm1990f#252.231#252.507
251	/	/	PUNCT	_	_	_	_	_	@mdm1990f-words#@mdm1990f#252.507#252.783
252	расскажи	рассказать	VERB	_	Aspect=Perf|Mood=Imp|Number=Sing|Person=2|VerbForm=Fin|Voice=Act	_	_	_	@mdm1990f-words#@mdm1990f#252.783#253.059
253	команду	команда	NOUN	_	Animacy=Inan|Case=Acc|Gender=Fem|Number=Sing	_	_	_	@mdm1990f-words#@mdm1990f#253.059#253.335
254	у	у	ADP	_	_	_	_	_	@mdm1990f-words#@mdm1990f#253.335#253.611
255	тебя	ты	PRON	_	Case=Gen|Number=Sing|Person=2	_	_	_	@mdm1990f-words#@mdm1990f#253.611#253.887
256	щас	щас	ADV	_	Degree=Pos	_	_	_	@mdm1990f-words#@mdm1990f#253.887#254.163
257	сколько	сколько	NUM	_	_	_	_	_	@mdm1990f-words#@mdm1990f#254.163#254.439
258	человек	человек	NOUN	_	Animacy=Anim|Case=Gen|Gender=Masc|Number=Plur	_	_	_	@mdm1990f-words#@mdm1990f#254.439#254.723
259	Все	весь	DET	_	Case=Acc|Number=Plur	_	_	_	@mdm1990f-words#@mdm1990f#261.363#261.701
260	вебинары	вебинар	NOUN	_	Animacy=Inan|Case=Acc|Gender=Masc|Number=Plur	_	_	_	@mdm1990f-words#@mdm1990f#261.701#262.039
261	менеджерит	менеджерить	VERB	_	Aspect=Imp|Mood=Ind|Number=Sing|Person=3|Tense=Pres|VerbForm=Fin|Voice=Act	_	_	_	@mdm1990f-words#@mdm1990f#262.039#262.377
262	один	один	DET	_	Case=Nom|Degree=Pos|Gender=Masc|Number=Sing	_	_	_	@mdm1990f-words#@mdm1990f#262.377#262.715
263	человек	человек	NOUN	_	Animacy=Anim|Case=Nom|Gender=Masc|Number=Sing	_	_	_	@mdm1990f-words#@mdm1990f#262.715#263.053
264	?	?	PUNCT	_	_	_	_	_	@mdm1990f-words#@mdm1990f#263.053#263.394
265	Герой	герой	NOUN	_	Animacy=Anim|Case=Nom|Gender=Masc|Number=Sing	_	_	_	@mdm1990f-words#@mdm1990f#263.877#264.515
266	Да	да	PART	_	_	_	_	_	@mdm1990f-words#@mdm1990f#273.267#273.452
267	у	у	ADP	_	_	_	_	_	@mdm1990f-words#@mdm1990f#273.452#273.637
268	тебя	ты	PRON	_	Case=Gen|Number=Sing|Person=2	_	_	_	@mdm1990f-words#@mdm1990f#273.637#273.822
269	у..умный	умный	ADJ	_	Case=Nom|Degree=Pos|Gender=Masc|Number=Sing	_	_	_	@mdm1990f-words#@mdm1990f#273.822#274.007
270	/	/	PUNCT	_	_	_	_	_	@mdm1990f-words#@mdm1990f#274.007#274.192
271	точный	точный	ADJ	_	Case=Nom|Degree=Pos|Gender=Masc|Number=Sing	_	_	_	@mdm1990f-words#@mdm1990f#274.192#274.377
272	ты	ты	PRON	_	Case=Nom|Number=Sing|Person=2	_	_	_	@mdm1990f-words#@mdm1990f#274.377#274.562
273	его	он	PRON	_	Case=Acc|Gender=Masc|Number=Sing|Person=3	_	_	_	@mdm1990f-words#@mdm1990f#274.562#274.747
274	назвала	назвать	VERB	_	Aspect=Perf|Gender=Fem|Mood=Ind|Number=Sing|Tense=Past|VerbForm=Fin|Voice=Act	_	_	_	@mdm1990f-words#@mdm1990f#274.747#274.932
275	Ага	ага	PART	_	_	_	_	_	@mdm1990f-words#@mdm1990f#286.757#287.525
276	Десять	десять	NUM	_	Case=Acc	_	_	_	@mdm1990f-words#@mdm1990f#296.5#296.809
277	человек	человек	NOUN	_	Animacy=Anim|Case=Gen|Gender=Masc|Number=Plur	_	_	_	@mdm1990f-words#@mdm1990f#296.809#297.118
278	?	?	PUNCT	_	_	_	_	_	@mdm1990f-words#@mdm1990f#297.118#297.427
279	Десять	десять	NUM	_	Case=Nom	_	_	_	@mdm1990f-words#@mdm1990f#297.788#298.118
280	человек	человек	NOUN	_	Animacy=Anim|Case=Gen|Gender=Masc|Number=Plur	_	_	_	@mdm1990f-words#@mdm1990f#298.118#298.448
281	/	/	PUNCT	_	_	_	_	_	@mdm1990f-words#@mdm1990f#298.448#298.778
282	/	/	PUNCT	_	_	_	_	_	@mdm1990f-words#@mdm1990f#298.778#299.108
283	6	6	NUM	_	_	_	_	_	@mdm1990f-words#@mdm1990f#299.108#299.438
284	млн	миллион	NOUN	_	Animacy=Inan|Case=Gen|Gender=Masc|Number=Plur	_	_	_	@mdm1990f-words#@mdm1990f#299.438#299.768
285	рублей	рубль	NOUN	_	Animacy=Inan|Case=Gen|Gender=Masc|Number=Plur	_	_	_	@mdm1990f-words#@mdm1990f#299.768#300.098
286	/	/	PUNCT	_	_	_	_	_	@mdm1990f-words#@mdm1990f#300.098#300.428
287	аа	а	INTJ	_	_	_	_	_	@mdm1990f-words#@mdm1990f#300.428#300.758
288	/	/	PUNCT	_	_	_	_	_	@mdm1990f-words#@mdm1990f#300.758#301.088
289	чистой	чистый	ADJ	_	Case=Ins|Degree=Pos|Gender=Fem|Number=Sing	_	_	_	@mdm1990f-words#@mdm1990f#301.088#301.418
290	/	/	PUNCT	_	_	_	_	_	@mdm1990f-words#@mdm1990f#301.418#301.748
291	как	как	SCONJ	_	_	_	_	_	@mdm1990f-words#@mdm1990f#301.748#302.078
292	это	это	PRON	_	Animacy=Inan|Case=Nom|Gender=Neut|Number=Sing	_	_	_	@mdm1990f-words#@mdm1990f#302.078#302.408
293	ну	ну	INTJ	_	_	_	_	_	@mdm1990f-words#@mdm1990f#302.408#302.738
294	/	/	PUNCT	_	_	_	_	_	@mdm1990f-words#@mdm1990f#302.738#303.068
295	выручка	выручка	NOUN	_	Animacy=Inan|Case=Nom|Gender=Fem|Number=Sing	_	_	_	@mdm1990f-words#@mdm1990f#303.068#303.398
296	в	в	ADP	_	_	_	_	_	@mdm1990f-words#@mdm1990f#303.398#303.728
297	которая	который	PRON	_	Case=Nom	_	_	_	@mdm1990f-words#@mdm1990f#303.728#304.058
298	наверное	наверное	ADV	_	Degree=Pos	_	_	_	@mdm1990f-words#@mdm1990f#304.058#304.388
299	морженальность	морженальность	NOUN	_	Animacy=Inan|Case=Nom|Gender=Fem|Number=Sing	_	_	_	@mdm1990f-words#@mdm1990f#304.388#304.718
300	100	100	NUM	_	_	_	_	_	@mdm1990f-words#@mdm1990f#304.718#305.048
301	процентов	процент	NOUN	_	Animacy=Inan|Case=Gen|Gender=Masc|Number=Plur	_	_	_	@mdm1990f-words#@mdm1990f#305.048#305.378
302	поэтому	поэтому	ADV	_	Degree=Pos	_	_	_	@mdm1990f-words#@mdm1990f#305.378#305.708
303	ребятушки	ребятушки	NOUN	_	Animacy=Anim|Case=Voc|Number=Plur	_	_	_	@mdm1990f-words#@mdm1990f#305.708#306.038
304	у	у	ADP	_	_	_	_	_	@mdm1990f-words#@mdm1990f#306.038#306.368
305	кого	кто	PRON	_	Case=Gen	_	_	_	@mdm1990f-words#@mdm1990f#306.368#306.698
306	сейчас	сейчас	ADV	_	Degree=Pos	_	_	_	@mdm1990f-words#@mdm1990f#306.698#307.028
307	бизнес	бизнес	NOUN	_	Animacy=Inan|Case=Nom|Gender=Masc|Number=Sing	_	_	_	@mdm1990f-words#@mdm1990f#307.028#307.358
308	/	/	PUNCT	_	_	_	_	_	@mdm1990f-words#@mdm1990f#307.358#307.688
309	/	/	PUNCT	_	_	_	_	_	@mdm1990f-words#@mdm1990f#307.688#308.018
310	учитесь	учиться	VERB	_	Aspect=Imp|Mood=Ind|Number=Plur|Person=2|Tense=Pres|VerbForm=Fin|Voice=Mid	_	_	_	@mdm1990f-words#@mdm1990f#308.018#308.348
311	у	у	ADP	_	_	_	_	_	@mdm1990f-words#@mdm1990f#308.348#308.678
312	Саши	Саша	PROPN	_	_	_	_	_	@mdm1990f-words#@mdm1990f#308.678#309.035
313	Небольшой	небольшой	ADJ	_	Case=Nom|Degree=Pos|Gender=Masc|Number=Sing	_	_	_	@am1994f-words#@am1994f#15.487#15.838
314	процент	процент	NOUN	_	Animacy=Inan|Case=Nom|Gender=Masc|Number=Sing	_	_	_	@am1994f-words#@am1994f#15.838#16.189
315	заработка	заработок	NOUN	_	Animacy=Inan|Case=Gen|Gender=Masc|Number=Sing	_	_	_	@am1994f-words#@am1994f#16.189#16.54
316	/	/	PUNCT	_	_	_	_	_	@am1994f-words#@am1994f#16.54#16.891
317	может	мочь	VERB	_	Aspect=Imp|Mood=Ind|Number=Sing|Person=3|Tense=Pres|VerbForm=Fin|Voice=Act	_	_	_	@am1994f-words#@am1994f#16.891#17.242
318	быть	быть	VERB	_	Aspect=Imp|VerbForm=Inf|Voice=Act	_	_	_	@am1994f-words#@am1994f#17.242#17.593
319	15-20	15-20	NUM	_	_	_	_	_	@am1994f-words#@am1994f#17.593#17.944
320	я	я	PRON	_	Case=Nom|Number=Sing|Person=1	_	_	_	@am1994f-words#@am1994f#17.944#18.295
321	не	не	PART	_	_	_	_	_	@am1994f-words#@am1994f#18.295#18.646
322	знаю	знать	VERB	_	Aspect=Imp|Mood=Ind|Number=Sing|Person=1|Tense=Pres|VerbForm=Fin|Voice=Act	_	_	_	@am1994f-words#@am1994f#18.646#18.997
323	/	/	PUNCT	_	_	_	_	_	@am1994f-words#@am1994f#18.997#19.348
324	составляет	составлять	VERB	_	Aspect=Imp|Mood=Ind|Number=Sing|Person=3|Tense=Pres|VerbForm=Fin|Voice=Act	_	_	_	@am1994f-words#@am1994f#19.348#19.699
325	реклама	реклама	NOUN	_	Animacy=Anim|Case=Nom|Gender=Fem|Number=Sing	_	_	_	@am1994f-words#@am1994f#19.699#20.05
326	но	но	CCONJ	_	_	_	_	_	@am1994f-words#@am1994f#20.05#20.401
327	я	я	PRON	_	Case=Nom|Number=Sing|Person=1	_	_	_	@am1994f-words#@am1994f#20.401#20.752
328	/	/	PUNCT	_	_	_	_	_	@am1994f-words#@am1994f#20.752#21.103
329	ухожу	уходить	VERB	_	Aspect=Imp|Mood=Ind|Number=Sing|Person=1|Tense=Pres|VerbForm=Fin|Voice=Act	_	_	_	@am1994f-words#@am1994f#21.103#21.454
330	от	от	ADP	_	_	_	_	_	@am1994f-words#@am1994f#21.454#21.805
331	нее	она	PRON	_	Case=Gen|Gender=Fem|Number=Sing|Person=3	_	_	_	@am1994f-words#@am1994f#21.805#22.156
332	практически	практически	ADV	_	Degree=Pos	_	_	_	@am1994f-words#@am1994f#22.156#22.507
333	не	не	PART	_	_	_	_	_	@am1994f-words#@am1994f#22.507#22.858
334	продаю	продать	VERB	_	Aspect=Imp|Mood=Ind|Number=Sing|Person=1|Tense=Pres|VerbForm=Fin|Voice=Act	_	_	_	@am1994f-words#@am1994f#22.858#23.209
335	/	/	PUNCT	_	_	_	_	_	@am1994f-words#@am1994f#23.209#23.56
336	не	не	PART	_	_	_	_	_	@am1994f-words#@am1994f#23.56#23.911
337	смотря	смотреть	VERB	_	Aspect=Imp|Tense=Pres|VerbForm=Conv|Voice=Act	_	_	_	@am1994f-words#@am1994f#23.911#24.262
338	на	на	ADP	_	_	_	_	_	@am1994f-words#@am1994f#24.262#24.613
339	то	то	PRON	_	Animacy=Inan|Case=Acc|Gender=Neut|Number=Sing	_	_	_	@am1994f-words#@am1994f#24.613#24.964
340	что	что	SCONJ	_	_	_	_	_	@am1994f-words#@am1994f#24.964#25.315
341	реклама	реклама	NOUN	_	Animacy=Inan|Case=Nom|Gender=Fem|Number=Sing	_	_	_	@am1994f-words#@am1994f#25.315#25.666
342	в	в	ADP	_	_	_	_	_	@am1994f-words#@am1994f#25.666#26.017
343	моем	мой	DET	_	Case=Loc|Gender=Masc|Number=Sing	_	_	_	@am1994f-words#@am1994f#26.017#26.368
344	блоге	блог	NOUN	_	Animacy=Inan|Case=Loc|Gender=Masc|Number=Sing	_	_	_	@am1994f-words#@am1994f#26.368#26.719
345	дорогая	дорогой	ADJ	_	Case=Nom|Degree=Pos|Gender=Fem|Number=Sing	_	_	_	@am1994f-words#@am1994f#26.719#27.07
346	/	/	PUNCT	_	_	_	_	_	@am1994f-words#@am1994f#27.07#27.421
347	пост	пост	NOUN	_	Animacy=Inan|Case=Acc|Gender=Masc|Number=Sing	_	_	_	@am1994f-words#@am1994f#27.421#27.772
348	стоит	стоить	VERB	_	Aspect=Imp|Mood=Ind|Number=Sing|Person=3|Tense=Pres|VerbForm=Fin|Voice=Act	_	_	_	@am1994f-words#@am1994f#27.772#28.123
349	около	около	ADP	_	_	_	_	_	@am1994f-words#@am1994f#28.123#28.474
350	100	100	NUM	_	_	_	_	_	@am1994f-words#@am1994f#28.474#28.825
351	тысяч	тысяча	NUM	_	Case=Gen|Gender=Fem|Number=Plur	_	_	_	@am1994f-words#@am1994f#28.825#29.201
352	Сторис	Сторис	PROPN	_	Animacy=Anim|Case=Nom|Gender=Masc|Number=Sing	_	_	_	@am1994f-words#@am1994f#29.66#30.128
353	50	50	NUM	_	_	_	_	_	@am1994f-words#@am1994f#30.128#30.596
354	тысяч	тысяча	NUM	_	Case=Gen|Gender=Fem|Number=Plur	_	_	_	@am1994f-words#@am1994f#30.596#31.064
355	Да	да	PART	_	_	_	_	_	@am1994f-words#@am1994f#32.192#32.862
356	Но	но	CCONJ	_	_	_	_	_	@am1994f-words#@am1994f#33.22#33.565
357	/	/	PUNCT	_	_	_	_	_	@am1994f-words#@am1994f#33.565#33.91
358	это	это	PRON	_	Animacy=Inan|Case=Nom|Gender=Neut|Number=Sing	_	_	_	@am1994f-words#@am1994f#33.91#34.255
359	не	не	PART	_	_	_	_	_	@am1994f-words#@am1994f#34.255#34.6
360	совсем	совсем	ADV	_	Degree=Pos	_	_	_	@am1994f-words#@am1994f#34.6#34.945
361	для	для	ADP	_	_	_	_	_	@am1994f-words#@am1994f#34.945#35.29
362	меня	я	PRON	_	Case=Gen|Number=Sing|Person=1	_	_	_	@am1994f-words#@am1994f#35.29#35.635
363	потому	потому	SCONJ	_	Degree=Pos	_	_	_	@am1994f-words#@am1994f#35.635#35.98
364	что	что	SCONJ	_	_	_	_	_	@am1994f-words#@am1994f#35.98#36.325
365	это	это	PRON	_	Animacy=Inan|Case=Nom|Gender=Neut|Number=Sing	_	_	_	@am1994f-words#@am1994f#36.325#36.67
366	отнимает	отнимать	VERB	_	Aspect=Imp|Mood=Ind|Number=Sing|Person=3|Tense=Pres|VerbForm=Fin|Voice=Act	_	_	_	@am1994f-words#@am1994f#36.67#37.015
367	много	много	ADV	_	Degree=Pos	_	_	_	@am1994f-words#@am1994f#37.015#37.36
368	сил	сила	NOUN	_	Animacy=Inan|Case=Gen|Gender=Fem|Number=Plur	_	_	_	@am1994f-words#@am1994f#37.36#37.705
369	/	/	PUNCT	_	_	_	_	_	@am1994f-words#@am1994f#37.705#38.05
370	/	/	PUNCT	_	_	_	_	_	@am1994f-words#@am1994f#38.05#38.395
371	и	и	CCONJ	_	_	_	_	_	@am1994f-words#@am1994f#38.395#38.74
372	по	по	ADP	_	_	_	_	_	@am1994f-words#@am1994f#38.74#39.085
373	факту	факт	NOUN	_	Animacy=Inan|Case=Dat|Gender=Masc|Number=Sing	_	_	_	@am1994f-words#@am1994f#39.085#39.43
374	гораздо	гораздо	ADV	_	Degree=Pos	_	_	_	@am1994f-words#@am1994f#39.43#39.775
375	выгоднее	выгодный	ADJ	_	Degree=Cmp	_	_	_	@am1994f-words#@am1994f#39.775#40.12
376	#одновременно#	#одновременно#	X	_	_	_	_	_	@am1994f-words#@am1994f#40.12#40.465
377	продавать	продавать	VERB	_	Aspect=Imp|VerbForm=Inf|Voice=Act	_	_	_	@am1994f-words#@am1994f#40.465#40.81
378	рекламировать	рекламировать	VERB	_	Aspect=Imp|VerbForm=Inf|Voice=Act	_	_	_	@am1994f-words#@am1994f#40.81#41.155
379	свои	свой	DET	_	Case=Acc|Number=Plur	_	_	_	@am1994f-words#@am1994f#41.155#41.5
380	продукты	продукт	NOUN	_	Animacy=Inan|Case=Acc|Gender=Masc|Number=Plur	_	_	_	@am1994f-words#@am1994f#41.5#41.845
381	да	да	PART	_	_	_	_	_	@am1994f-words#@am1994f#41.845#42.19
382	/	/	PUNCT	_	_	_	_	_	@am1994f-words#@am1994f#42.19#42.535
383	поэтому	поэтому	ADV	_	Degree=Pos	_	_	_	@am1994f-words#@am1994f#42.535#42.88
384	у	у	ADP	_	_	_	_	_	@am1994f-words#@am1994f#42.88#43.225
385	меня	я	PRON	_	Case=Gen|Number=Sing|Person=1	_	_	_	@am1994f-words#@am1994f#43.225#43.57
386	есть	быть	VERB	_	Aspect=Imp|Mood=Ind|Number=Sing|Person=3|Tense=Pres|VerbForm=Fin|Voice=Act	_	_	_	@am1994f-words#@am1994f#43.57#43.915
387	сайт	сайт	NOUN	_	Animacy=Inan|Case=Nom|Gender=Masc|Number=Sing	_	_	_	@am1994f-words#@am1994f#43.915#44.26
388	Mitroshina.org	Mitroshina.org	PROPN	_	Foreign=Yes	_	_	_	@am1994f-words#@am1994f#44.26#44.605
389	и	и	CCONJ	_	_	_	_	_	@am1994f-words#@am1994f#44.605#44.95
390	оттуда	оттуда	ADV	_	Degree=Pos	_	_	_	@am1994f-words#@am1994f#44.95#45.295
391	приходит	приходить	VERB	_	Aspect=Imp|Mood=Ind|Number=Sing|Person=3|Tense=Pres|VerbForm=Fin|Voice=Act	_	_	_	@am1994f-words#@am1994f#45.295#45.64
392	большая	больший	ADJ	_	Case=Nom|Degree=Pos|Gender=Fem|Number=Sing	_	_	_	@am1994f-words#@am1994f#45.64#45.985
393	часть	часть	NOUN	_	Animacy=Inan|Case=Nom|Gender=Fem|Number=Sing	_	_	_	@am1994f-words#@am1994f#45.985#46.33
394	моего	мой	DET	_	Case=Gen|Gender=Masc|Number=Sing	_	_	_	@am1994f-words#@am1994f#46.33#46.675
395	заработка	заработок	NOUN	_	Animacy=Inan|Case=Gen|Gender=Masc|Number=Sing	_	_	_	@am1994f-words#@am1994f#46.675#47.02
396	/	/	PUNCT	_	_	_	_	_	@am1994f-words#@am1994f#47.02#47.365
397	а	а	CCONJ	_	_	_	_	_	@am1994f-words#@am1994f#47.365#47.71
398	я	я	PRON	_	Case=Nom|Number=Sing|Person=1	_	_	_	@am1994f-words#@am1994f#47.71#48.055
399	продаю	продать	VERB	_	Aspect=Imp|Mood=Ind|Number=Sing|Person=1|Tense=Pres|VerbForm=Fin|Voice=Act	_	_	_	@am1994f-words#@am1994f#48.055#48.4
400	на	на	ADP	_	_	_	_	_	@am1994f-words#@am1994f#48.4#48.745
401	этом	этот	DET	_	Case=Loc|Gender=Masc|Number=Sing	_	_	_	@am1994f-words#@am1994f#48.745#49.09
402	сайте	сайт	NOUN	_	Animacy=Inan|Case=Loc|Gender=Masc|Number=Sing	_	_	_	@am1994f-words#@am1994f#49.09#49.435
403	свои	свой	DET	_	Case=Acc|Number=Plur	_	_	_	@am1994f-words#@am1994f#49.435#49.78
404	вебинары	вебинар	NOUN	_	Animacy=Inan|Case=Acc|Gender=Masc|Number=Plur	_	_	_	@am1994f-words#@am1994f#49.78#50.125
405	/	/	PUNCT	_	_	_	_	_	@am1994f-words#@am1994f#50.125#50.47
406	анонсирую	анонсировать	VERB	_	Aspect=Imp|Mood=Ind|Number=Sing|Person=1|Tense=Pres|VerbForm=Fin|Voice=Act	_	_	_	@am1994f-words#@am1994f#50.47#50.815
407	новые	новый	ADJ	_	Animacy=Inan|Case=Acc|Degree=Pos|Number=Plur	_	_	_	@am1994f-words#@am1994f#50.815#51.16
408	вебинары	вебинар	NOUN	_	Animacy=Inan|Case=Acc|Gender=Masc|Number=Plur	_	_	_	@am1994f-words#@am1994f#51.16#51.505
409	/	/	PUNCT	_	_	_	_	_	@am1994f-words#@am1994f#51.505#51.85
410	/	/	PUNCT	_	_	_	_	_	@am1994f-words#@am1994f#51.85#52.195
411	и	и	CCONJ	_	_	_	_	_	@am1994f-words#@am1994f#52.195#52.54
412	это	это	PRON	_	Animacy=Inan|Case=Nom|Gender=Neut|Number=Sing	_	_	_	@am1994f-words#@am1994f#52.54#52.885
413	наверное	наверное	ADV	_	Degree=Pos	_	_	_	@am1994f-words#@am1994f#52.885#53.23
414	80	80	NUM	_	_	_	_	_	@am1994f-words#@am1994f#53.23#53.575
415	процентов	процент	NOUN	_	Animacy=Inan|Case=Gen|Gender=Masc|Number=Plur	_	_	_	@am1994f-words#@am1994f#53.575#53.92
416	некоторые	некоторый	DET	_	Case=Nom|Number=Plur	_	_	_	@am1994f-words#@am1994f#53.92#54.265
417	месяцы	месяц	NOUN	_	Animacy=Inan|Case=Nom|Gender=Masc|Number=Plur	_	_	_	@am1994f-words#@am1994f#54.265#54.641
418	В	в	ADP	_	_	_	_	_	@am1994f-words#@am1994f#56.417#56.772
419	некоторые	некоторый	DET	_	Case=Acc|Number=Plur	_	_	_	@am1994f-words#@am1994f#56.772#57.127
420	месяцы	месяц	NOUN	_	Animacy=Inan|Case=Acc|Gender=Masc|Number=Plur	_	_	_	@am1994f-words#@am1994f#57.127#57.482
421	часть	часть	NOUN	_	Animacy=Inan|Case=Nom|Gender=Fem|Number=Sing	_	_	_	@am1994f-words#@am1994f#57.482#57.837
422	дохода	доход	NOUN	_	Animacy=Inan|Case=Gen|Gender=Masc|Number=Sing	_	_	_	@am1994f-words#@am1994f#57.837#58.192
423	процентов	процент	NOUN	_	Animacy=Inan|Case=Gen|Gender=Masc|Number=Plur	_	_	_	@am1994f-words#@am1994f#58.192#58.547
424	30	30	NUM	_	_	_	_	_	@am1994f-words#@am1994f#58.547#58.902
425	приходит	приходить	VERB	_	Aspect=Imp|Mood=Ind|Number=Sing|Person=3|Tense=Pres|VerbForm=Fin|Voice=Act	_	_	_	@am1994f-words#@am1994f#58.902#59.257
426	из	из	ADP	_	_	_	_	_	@am1994f-words#@am1994f#59.257#59.612
427	гивов	гив	NOUN	_	Animacy=Inan|Case=Gen|Gender=Masc|Number=Plur	_	_	_	@am1994f-words#@am1994f#59.612#59.967
428	марафонов	марафон	NOUN	_	Animacy=Inan|Case=Gen|Gender=Masc|Number=Plur	_	_	_	@am1994f-words#@am1994f#59.967#60.322
429	это	это	PRON	_	Animacy=Inan|Case=Nom|Gender=Neut|Number=Sing	_	_	_	@am1994f-words#@am1994f#60.322#60.677
430	/	/	PUNCT	_	_	_	_	_	@am1994f-words#@am1994f#60.677#61.032
431	организация	организация	NOUN	_	Animacy=Inan|Case=Nom|Gender=Fem|Number=Sing	_	_	_	@am1994f-words#@am1994f#61.032#61.387
432	конкурсов	конкурс	NOUN	_	Animacy=Inan|Case=Gen|Gender=Masc|Number=Plur	_	_	_	@am1994f-words#@am1994f#61.387#61.742
433	в	в	ADP	_	_	_	_	_	@am1994f-words#@am1994f#61.742#62.097
434	инстаграме	инстаграм	NOUN	_	Animacy=Inan|Case=Loc|Gender=Masc|Number=Sing	_	_	_	@am1994f-words#@am1994f#62.097#62.462
435	Я	я	PRON	_	Case=Nom|Number=Sing|Person=1	_	_	_	@am1994f-words#@am1994f#63.94#64.225
436	иногда	иногда	ADV	_	Degree=Pos	_	_	_	@am1994f-words#@am1994f#64.225#64.51
437	их	они	PRON	_	Case=Acc|Number=Plur|Person=3	_	_	_	@am1994f-words#@am1994f#64.51#64.795
438	рекламирую	рекламировать	VERB	_	Aspect=Imp|Mood=Ind|Number=Sing|Person=1|Tense=Pres|VerbForm=Fin|Voice=Act	_	_	_	@am1994f-words#@am1994f#64.795#65.08
439	иногда	иногда	ADV	_	Degree=Pos	_	_	_	@am1994f-words#@am1994f#65.08#65.365
440	просто	просто	PART	_	_	_	_	_	@am1994f-words#@am1994f#65.365#65.65
441	как	как	SCONJ	_	_	_	_	_	@am1994f-words#@am1994f#65.65#65.935
442	организатор	организатор	NOUN	_	Animacy=Anim|Case=Nom|Gender=Masc|Number=Sing	_	_	_	@am1994f-words#@am1994f#65.935#66.22
443	выступаю	выступать	VERB	_	Aspect=Imp|Mood=Ind|Number=Sing|Person=1|Tense=Pres|VerbForm=Fin|Voice=Act	_	_	_	@am1994f-words#@am1994f#66.22#66.505
444	/	/	PUNCT	_	_	_	_	_	@am1994f-words#@am1994f#66.505#66.79
445	#одновременно#	#одновременно#	X	_	_	_	_	_	@am1994f-words#@am1994f#66.79#67.075
446	что	что	PRON	_	Case=Acc	_	_	_	@am1994f-words#@am1994f#67.075#67.36
447	еще	еще	ADV	_	Degree=Pos	_	_	_	@am1994f-words#@am1994f#67.36#67.645
448	?	?	PUNCT	_	_	_	_	_	@am1994f-words#@am1994f#67.645#67.94
449	Одежду	одежда	NOUN	_	Animacy=Inan|Case=Acc|Gender=Fem|Number=Sing	_	_	_	@am1994f-words#@am1994f#69.582#69.966
450	я	я	PRON	_	Case=Nom|Number=Sing|Person=1	_	_	_	@am1994f-words#@am1994f#69.966#70.35
451	запустила	запустить	VERB	_	Aspect=Perf|Gender=Fem|Mood=Ind|Number=Sing|Tense=Past|VerbForm=Fin|Voice=Act	_	_	_	@am1994f-words#@am1994f#70.35#70.734
452	но	но	CCONJ	_	_	_	_	_	@am1994f-words#@am1994f#70.734#71.118
453	это	это	PRON	_	Animacy=Inan|Case=Nom|Gender=Neut|Number=Sing	_	_	_	@am1994f-words#@am1994f#71.118#71.502
454	/	/	PUNCT	_	_	_	_	_	@am1994f-words#@am1994f#71.502#71.886
455	крайне	крайне	ADV	_	Degree=Pos	_	_	_	@am1994f-words#@am1994f#71.886#72.27
456	пока	пока	ADV	_	Degree=Pos	_	_	_	@am1994f-words#@am1994f#72.27#72.654
457	что	что	SCONJ	_	_	_	_	_	@am1994f-words#@am1994f#72.654#73.038
458	невыгодно	невыгодно	ADV	_	Degree=Pos	_	_	_	@am1994f-words#@am1994f#73.038#73.422
459	я	я	PRON	_	Case=Nom|Number=Sing|Person=1	_	_	_	@am1994f-words#@am1994f#73.422#73.806
460	/	/	PUNCT	_	_	_	_	_	@am1994f-words#@am1994f#73.806#74.19
461	за	за	ADP	_	_	_	_	_	@am1994f-words#@am1994f#74.19#74.574
462	месяц	месяц	NOUN	_	Animacy=Inan|Case=Acc|Gender=Masc|Number=Sing	_	_	_	@am1994f-words#@am1994f#74.574#74.958
463	зарабатываю	зарабатывать	VERB	_	Aspect=Imp|Mood=Ind|Number=Sing|Person=1|Tense=Pres|VerbForm=Fin|Voice=Act	_	_	_	@am1994f-words#@am1994f#74.958#75.342
464	типа	типа	PART	_	_	_	_	_	@am1994f-words#@am1994f#75.342#75.726
465	стоимость	стоимость	NOUN	_	Animacy=Inan|Case=Nom|Gender=Fem|Number=Sing	_	_	_	@am1994f-words#@am1994f#75.726#76.11
466	одного	один	NUM	_	Case=Gen|Gender=Masc	_	_	_	@am1994f-words#@am1994f#76.11#76.494
467	поста	пост	NOUN	_	Animacy=Inan|Case=Gen|Gender=Masc|Number=Sing	_	_	_	@am1994f-words#@am1994f#76.494#76.878
468	моего	мой	DET	_	Case=Gen|Gender=Neut|Number=Sing	_	_	_	@am1994f-words#@am1994f#76.878#77.268
469	Ну	ну	INTJ	_	_	_	_	_	@am1994f-words#@am1994f#95.94#96.236
470	/	/	PUNCT	_	_	_	_	_	@am1994f-words#@am1994f#96.236#96.532
471	смотри	смотреть	VERB	_	Aspect=Imp|Mood=Imp|Number=Sing|Person=2|VerbForm=Fin|Voice=Act	_	_	_	@am1994f-words#@am1994f#96.532#96.828
472	/	/	PUNCT	_	_	_	_	_	@am1994f-words#@am1994f#96.828#97.124
473	тут	тут	ADV	_	Degree=Pos	_	_	_	@am1994f-words#@am1994f#97.124#97.42
474	происходит	происходить	VERB	_	Aspect=Imp|Mood=Ind|Number=Sing|Person=3|Tense=Pres|VerbForm=Fin|Voice=Act	_	_	_	@am1994f-words#@am1994f#97.42#97.716
475	такая	такой	DET	_	Case=Nom|Gender=Fem|Number=Sing	_	_	_	@am1994f-words#@am1994f#97.716#98.012
476	штука	штука	NOUN	_	Animacy=Inan|Case=Nom|Gender=Fem|Number=Sing	_	_	_	@am1994f-words#@am1994f#98.012#98.308
477	ты	ты	PRON	_	Case=Nom|Number=Sing|Person=2	_	_	_	@am1994f-words#@am1994f#98.308#98.604
478	сначала	сначала	ADV	_	Degree=Pos	_	_	_	@am1994f-words#@am1994f#98.604#98.9
479	когда	когда	SCONJ	_	_	_	_	_	@am1994f-words#@am1994f#98.9#99.196
480	запускаешь	запускать	VERB	_	Aspect=Imp|Mood=Ind|Number=Sing|Person=2|Tense=Pres|VerbForm=Fin|Voice=Act	_	_	_	@am1994f-words#@am1994f#99.196#99.492
481	когда	когда	SCONJ	_	_	_	_	_	@am1994f-words#@am1994f#99.492#99.788
482	у	у	ADP	_	_	_	_	_	@am1994f-words#@am1994f#99.788#100.084
483	тебя	ты	PRON	_	Case=Gen|Number=Sing|Person=2	_	_	_	@am1994f-words#@am1994f#100.084#100.38
484	только	только	PART	_	_	_	_	_	@am1994f-words#@am1994f#100.38#100.676
485	первые	первый	ADJ	_	Case=Nom|Degree=Pos|Number=Plur	_	_	_	@am1994f-words#@am1994f#100.676#100.972
486	/	/	PUNCT	_	_	_	_	_	@am1994f-words#@am1994f#100.972#101.268
487	/	/	PUNCT	_	_	_	_	_	@am1994f-words#@am1994f#101.268#101.564
488	как	как	ADV	_	Degree=Pos	_	_	_	@am1994f-words#@am1994f#101.564#101.86
489	это	это	PRON	_	Animacy=Inan|Case=Acc|Gender=Neut|Number=Sing	_	_	_	@am1994f-words#@am1994f#101.86#102.156
490	сказать	сказать	VERB	_	Aspect=Perf|VerbForm=Inf|Voice=Act	_	_	_	@am1994f-words#@am1994f#102.156#102.452
491	/	/	PUNCT	_	_	_	_	_	@am1994f-words#@am1994f#102.452#102.748
492	самое	самый	ADJ	_	Case=Nom|Degree=Pos|Gender=Neut|Number=Sing	_	_	_	@am1994f-words#@am1994f#102.748#103.044
493	начало	начало	NOUN	_	Animacy=Inan|Case=Nom|Gender=Neut|Number=Sing	_	_	_	@am1994f-words#@am1994f#103.044#103.34
494	процесса	процесс	NOUN	_	Animacy=Inan|Case=Gen|Gender=Masc|Number=Sing	_	_	_	@am1994f-words#@am1994f#103.34#103.636
495	э	э	INTJ	_	_	_	_	_	@am1994f-words#@am1994f#103.636#103.932
496	/	/	PUNCT	_	_	_	_	_	@am1994f-words#@am1994f#103.932#104.228
497	тебе	ты	PRON	_	Case=Dat|Number=Sing|Person=2	_	_	_	@am1994f-words#@am1994f#104.228#104.524
498	надо	надо	ADV	_	Degree=Pos	_	_	_	@am1994f-words#@am1994f#104.524#104.82
499	очень	очень	ADV	_	Degree=Pos	_	_	_	@am1994f-words#@am1994f#104.82#105.116
500	сильно	сильно	ADV	_	Degree=Pos	_	_	_	@am1994f-words#@am1994f#105.116#105.412
501	вложиться	вкладываться	VERB	_	Aspect=Perf|VerbForm=Inf|Voice=Mid	_	_	_	@am1994f-words#@am1994f#105.412#105.708
502	и	и	CCONJ	_	_	_	_	_	@am1994f-words#@am1994f#105.708#106.004
503	морально	морально	ADV	_	Degree=Pos	_	_	_	@am1994f-words#@am1994f#106.004#106.3
504	и	и	CCONJ	_	_	_	_	_	@am1994f-words#@am1994f#106.3#106.596
505	материально	материально	ADV	_	Degree=Pos	_	_	_	@am1994f-words#@am1994f#106.596#106.892
506	/	/	PUNCT	_	_	_	_	_	@am1994f-words#@am1994f#106.892#107.188
507	соответственно	соответственно	ADV	_	Degree=Pos	_	_	_	@am1994f-words#@am1994f#107.188#107.484
508	издержки	издержка	NOUN	_	Animacy=Inan|Case=Nom|Gender=Fem|Number=Plur	_	_	_	@am1994f-words#@am1994f#107.484#107.78
509	большие	большой	ADJ	_	Case=Nom|Degree=Pos|Number=Plur	_	_	_	@am1994f-words#@am1994f#107.78#108.076
510	прибыль	прибыль	NOUN	_	Animacy=Inan|Case=Acc|Gender=Fem|Number=Sing	_	_	_	@am1994f-words#@am1994f#108.076#108.372
511	небольшая	небольшой	ADJ	_	Case=Nom|Degree=Pos|Gender=Fem|Number=Sing	_	_	_	@am1994f-words#@am1994f#108.372#108.668
512	/	/	PUNCT	_	_	_	_	_	@am1994f-words#@am1994f#108.668#108.964
513	потом	потом	ADV	_	Degree=Pos	_	_	_	@am1994f-words#@am1994f#108.964#109.26
514	ты	ты	PRON	_	Case=Nom|Number=Sing|Person=2	_	_	_	@am1994f-words#@am1994f#109.26#109.556
515	постепенно	постепенно	ADV	_	Degree=Pos	_	_	_	@am1994f-words#@am1994f#109.556#109.852
516	дополняешь	дополнять	VERB	_	Aspect=Imp|Mood=Ind|Number=Sing|Person=2|Tense=Pres|VerbForm=Fin|Voice=Act	_	_	_	@am1994f-words#@am1994f#109.852#110.148
517	продукт	продукт	NOUN	_	Animacy=Inan|Case=Acc|Gender=Masc|Number=Sing	_	_	_	@am1994f-words#@am1994f#110.148#110.444
518	развиваешь	развивать	VERB	_	Aspect=Imp|Mood=Ind|Number=Sing|Person=2|Tense=Pres|VerbForm=Fin|Voice=Act	_	_	_	@am1994f-words#@am1994f#110.444#110.74
519	добавляешь	добавлять	VERB	_	Aspect=Imp|Mood=Ind|Number=Sing|Person=2|Tense=Pres|VerbForm=Fin|Voice=Act	_	_	_	@am1994f-words#@am1994f#110.74#111.036
520	новое	новый	ADJ	_	Case=Acc|Degree=Pos|Gender=Neut|Number=Sing	_	_	_	@am1994f-words#@am1994f#111.036#111.332
521	что	что	SCONJ	_	_	_	_	_	@am1994f-words#@am1994f#111.332#111.628
522	то	то	PRON	_	Animacy=Inan|Case=Nom|Gender=Neut|Number=Sing	_	_	_	@am1994f-words#@am1994f#111.628#111.924
523	и	и	PART	_	_	_	_	_	@am1994f-words#@am1994f#111.924#112.22
524	/	/	PUNCT	_	_	_	_	_	@am1994f-words#@am1994f#112.22#112.516
525	/	/	PUNCT	_	_	_	_	_	@am1994f-words#@am1994f#112.516#112.812
526	надо	надо	ADV	_	Degree=Pos	_	_	_	@am1994f-words#@am1994f#112.812#113.108
527	бы	бы	AUX	_	_	_	_	_	@am1994f-words#@am1994f#113.108#113.404
528	чтобы	чтобы	SCONJ	_	Mood=Cnd	_	_	_	@am1994f-words#@am1994f#113.404#113.7
529	тебя	ты	PRON	_	Case=Gen|Number=Sing|Person=2	_	_	_	@am1994f-words#@am1994f#113.7#113.996
530	не	не	PART	_	_	_	_	_	@am1994f-words#@am1994f#113.996#114.292
531	сбила	сбить	VERB	_	Aspect=Perf|Gender=Fem|Mood=Ind|Number=Sing|Tense=Past|VerbForm=Fin|Voice=Act	_	_	_	@am1994f-words#@am1994f#114.292#114.588
532	машина	машина	NOUN	_	Animacy=Inan|Case=Nom|Gender=Fem|Number=Sing	_	_	_	@am1994f-words#@am1994f#114.588#114.884
533	/	/	PUNCT	_	_	_	_	_	@am1994f-words#@am1994f#114.884#115.18
534	/	/	PUNCT	_	_	_	_	_	@am1994f-words#@am1994f#115.18#115.476
535	и	и	CCONJ	_	_	_	_	_	@am1994f-words#@am1994f#115.476#115.772
536	получается	получаться	VERB	_	Aspect=Imp|Mood=Ind|Number=Sing|Person=3|Tense=Pres|VerbForm=Fin|Voice=Mid	_	_	_	@am1994f-words#@am1994f#115.772#116.068
537	что	что	PRON	_	Case=Nom	_	_	_	@am1994f-words#@am1994f#116.068#116.364
538	постепенно	постепенно	ADV	_	Degree=Pos	_	_	_	@am1994f-words#@am1994f#116.364#116.66
539	у	у	ADP	_	_	_	_	_	@am1994f-words#@am1994f#116.66#116.956
540	тебя	ты	PRON	_	Case=Gen|Number=Sing|Person=2	_	_	_	@am1994f-words#@am1994f#116.956#117.252
541	издержки	издержка	NOUN	_	Animacy=Inan|Case=Nom|Gender=Fem|Number=Plur	_	_	_	@am1994f-words#@am1994f#117.252#117.548
542	ниже	низкий	ADJ	_	Degree=Cmp	_	_	_	@am1994f-words#@am1994f#117.548#117.844
543	/	/	PUNCT	_	_	_	_	_	@am1994f-words#@am1994f#117.844#118.14
544	прибыль	прибыль	NOUN	_	Animacy=Inan|Case=Nom|Gender=Fem|Number=Sing	_	_	_	@am1994f-words#@am1994f#118.14#118.436
545	больше	больше	ADV	_	Degree=Cmp	_	_	_	@am1994f-words#@am1994f#118.436#118.732
546	/	/	PUNCT	_	_	_	_	_	@am1994f-words#@am1994f#118.732#119.028
547	то	то	PRON	_	Animacy=Inan|Case=Nom|Gender=Neut|Number=Sing	_	_	_	@am1994f-words#@am1994f#119.028#119.324
548	есть	быть	VERB	_	Aspect=Imp|Mood=Ind|Number=Sing|Person=3|Tense=Pres|VerbForm=Fin|Voice=Act	_	_	_	@am1994f-words#@am1994f#119.324#119.62
549	сам	сам	ADJ	_	Case=Nom|Degree=Pos|Gender=Masc|Number=Sing	_	_	_	@am1994f-words#@am1994f#119.62#119.916
550	он	он	PRON	_	Case=Nom|Gender=Masc|Number=Sing|Person=3	_	_	_	@am1994f-words#@am1994f#119.916#120.212
551	есть	быть	AUX	_	Aspect=Imp|Mood=Ind|Number=Sing|Person=3|Tense=Pres|VerbForm=Fin|Voice=Act	_	_	_	@am1994f-words#@am1994f#120.212#120.508
552	мне	я	PRON	_	Case=Dat|Number=Sing|Person=1	_	_	_	@am1994f-words#@am1994f#120.508#120.804
553	кажется	казаться	VERB	_	Aspect=Imp|Mood=Ind|Number=Sing|Person=3|Tense=Pres|VerbForm=Fin|Voice=Mid	_	_	_	@am1994f-words#@am1994f#120.804#121.1
554	смысл	смысл	NOUN	_	Animacy=Inan|Case=Nom|Gender=Masc|Number=Sing	_	_	_	@am1994f-words#@am1994f#121.1#121.396
555	в	в	ADP	_	_	_	_	_	@am1994f-words#@am1994f#121.396#121.692
556	том	то	PRON	_	Animacy=Inan|Case=Loc|Gender=Neut|Number=Sing	_	_	_	@am1994f-words#@am1994f#121.692#121.988
557	чтобы	чтобы	SCONJ	_	Mood=Cnd	_	_	_	@am1994f-words#@am1994f#121.988#122.284
558	продолжать	продолжать	VERB	_	Aspect=Imp|VerbForm=Inf|Voice=Act	_	_	_	@am1994f-words#@am1994f#122.284#122.58
559	развивать	развивать	VERB	_	Aspect=Imp|VerbForm=Inf|Voice=Act	_	_	_	@am1994f-words#@am1994f#122.58#122.876
560	какой-то	какой-то	DET	_	Case=Acc|Gender=Masc|Number=Sing	_	_	_	@am1994f-words#@am1994f#122.876#123.172
561	оффлайн	оффлайн	NOUN	_	Animacy=Inan|Case=Acc|Gender=Masc|Number=Sing	_	_	_	@am1994f-words#@am1994f#123.172#123.468
562	бизнес	бизнес	NOUN	_	Animacy=Inan|Case=Nom|Gender=Masc|Number=Sing	_	_	_	@am1994f-words#@am1994f#123.468#123.805
563	Ну	ну	INTJ	_	_	_	_	_	@am1994f-words#@am1994f#130.597#130.916
564	мне	я	PRON	_	Case=Dat|Number=Sing|Person=1	_	_	_	@am1994f-words#@am1994f#130.916#131.235
565	кажется	казаться	VERB	_	Aspect=Imp|Mood=Ind|Number=Sing|Person=3|Tense=Pres|VerbForm=Fin|Voice=Mid	_	_	_	@am1994f-words#@am1994f#131.235#131.554
566	что	что	PRON	_	Case=Acc	_	_	_	@am1994f-words#@am1994f#131.554#131.873
567	можно	можно	ADV	_	Degree=Pos	_	_	_	@am1994f-words#@am1994f#131.873#132.192
568	и	и	CCONJ	_	_	_	_	_	@am1994f-words#@am1994f#132.192#132.511
569	лучше	хороший	ADV	_	Degree=Cmp	_	_	_	@am1994f-words#@am1994f#132.511#132.83
570	/	/	PUNCT	_	_	_	_	_	@am1994f-words#@am1994f#132.83#133.149
571	/	/	PUNCT	_	_	_	_	_	@am1994f-words#@am1994f#133.149#133.468
572	посмотрим	посмотреть	VERB	_	Aspect=Perf|Mood=Ind|Number=Plur|Person=1|Tense=Fut|VerbForm=Fin|Voice=Act	_	_	_	@am1994f-words#@am1994f#133.468#133.791
573	Ну	ну	INTJ	_	_	_	_	_	@am1994f-words#@am1994f#134.149#134.407
574	что	что	PRON	_	Case=Acc	_	_	_	@am1994f-words#@am1994f#134.407#134.665
575	я	я	PRON	_	Case=Nom|Number=Sing|Person=1	_	_	_	@am1994f-words#@am1994f#134.665#134.923
576	еще	еще	ADV	_	Degree=Pos	_	_	_	@am1994f-words#@am1994f#134.923#135.181
577	делаю	делать	VERB	_	Aspect=Imp|Mood=Ind|Number=Sing|Person=1|Tense=Pres|VerbForm=Fin|Voice=Act	_	_	_	@am1994f-words#@am1994f#135.181#135.439
578	/	/	PUNCT	_	_	_	_	_	@am1994f-words#@am1994f#135.439#135.697
579	у	у	ADP	_	_	_	_	_	@am1994f-words#@am1994f#135.697#135.955
580	меня	я	PRON	_	Case=Gen|Number=Sing|Person=1	_	_	_	@am1994f-words#@am1994f#135.955#136.213
581	есть	быть	VERB	_	Aspect=Imp|Mood=Ind|Number=Sing|Person=3|Tense=Pres|VerbForm=Fin|Voice=Act	_	_	_	@am1994f-words#@am1994f#136.213#136.471
582	бот	бот	NOUN	_	Animacy=Anim|Case=Nom|Gender=Masc|Number=Sing	_	_	_	@am1994f-words#@am1994f#136.471#136.729
583	в	в	ADP	_	_	_	_	_	@am1994f-words#@am1994f#136.729#136.987
584	телеграмме	телеграмма	NOUN	_	Animacy=Inan|Case=Loc|Gender=Fem|Number=Sing	_	_	_	@am1994f-words#@am1994f#136.987#137.245
585	/	/	PUNCT	_	_	_	_	_	@am1994f-words#@am1994f#137.245#137.503
586	easyprbot	easyprbot	X	_	Foreign=Yes	_	_	_	@am1994f-words#@am1994f#137.503#137.761
587	Да	Да	PART	_	_	_	_	_	@am1994f-words#@am1994f#139.746#140.044
588	Да	Да	PART	_	_	_	_	_	@am1994f-words#@am1994f#141.253#141.522
589	Но	но	CCONJ	_	_	_	_	_	@am1994f-words#@am1994f#141.835#142.064
590	я	я	PRON	_	Case=Nom|Number=Sing|Person=1	_	_	_	@am1994f-words#@am1994f#142.064#142.293
591	пока	пока	ADV	_	Degree=Pos	_	_	_	@am1994f-words#@am1994f#142.293#142.522
592	что	что	SCONJ	_	_	_	_	_	@am1994f-words#@am1994f#142.522#142.751
593	только	только	PART	_	_	_	_	_	@am1994f-words#@am1994f#142.751#142.98
594	начинаю	начинать	VERB	_	Aspect=Imp|Mood=Ind|Number=Sing|Person=1|Tense=Pres|VerbForm=Fin|Voice=Act	_	_	_	@am1994f-words#@am1994f#142.98#143.209
595	его	он	PRON	_	Case=Acc|Gender=Masc|Number=Sing|Person=3	_	_	_	@am1994f-words#@am1994f#143.209#143.438
596	монетизировать	монетизировать	VERB	_	Aspect=Imp|VerbForm=Inf|Voice=Act	_	_	_	@am1994f-words#@am1994f#143.438#143.667
597	поэтому	поэтому	ADV	_	Degree=Pos	_	_	_	@am1994f-words#@am1994f#143.667#143.896
598	/	/	PUNCT	_	_	_	_	_	@am1994f-words#@am1994f#143.896#144.125
599	это	это	PRON	_	Animacy=Inan|Case=Nom|Gender=Neut|Number=Sing	_	_	_	@am1994f-words#@am1994f#144.125#144.354
600	такой	такой	DET	_	Case=Nom|Gender=Masc|Number=Sing	_	_	_	@am1994f-words#@am1994f#144.354#144.583
601	бизнес	бизнес	NOUN	_	Animacy=Inan|Case=Nom|Gender=Masc|Number=Sing	_	_	_	@am1994f-words#@am1994f#144.583#144.82
602	Америка	Америка	PROPN	_	Animacy=Anim|Case=Gen|Gender=Masc|Number=Sing	_	_	_	@am1994f-words#@am1994f#167.5#167.789
603	/	/	PUNCT	_	_	_	_	_	@am1994f-words#@am1994f#167.789#168.078
604	/	/	PUNCT	_	_	_	_	_	@am1994f-words#@am1994f#168.078#168.367
605	классно	классно	ADV	_	Degree=Pos	_	_	_	@am1994f-words#@am1994f#168.367#168.656
606	/	/	PUNCT	_	_	_	_	_	@am1994f-words#@am1994f#168.656#168.945
607	/	/	PUNCT	_	_	_	_	_	@am1994f-words#@am1994f#168.945#169.234
608	я	я	PRON	_	Case=Nom|Number=Sing|Person=1	_	_	_	@am1994f-words#@am1994f#169.234#169.523
609	приехала	приехать	VERB	_	Aspect=Perf|Gender=Fem|Mood=Ind|Number=Sing|Tense=Past|VerbForm=Fin|Voice=Act	_	_	_	@am1994f-words#@am1994f#169.523#169.812
610	и	и	CCONJ	_	_	_	_	_	@am1994f-words#@am1994f#169.812#170.101
611	смотрела	смотреть	VERB	_	Aspect=Imp|Gender=Fem|Mood=Ind|Number=Sing|Tense=Past|VerbForm=Fin|Voice=Act	_	_	_	@am1994f-words#@am1994f#170.101#170.39
612	просто	просто	PART	_	_	_	_	_	@am1994f-words#@am1994f#170.39#170.679
613	вот	вот	PART	_	_	_	_	_	@am1994f-words#@am1994f#170.679#170.968
614	с	с	ADP	_	_	_	_	_	@am1994f-words#@am1994f#170.968#171.257
615	такими	такой	DET	_	Case=Ins|Number=Plur	_	_	_	@am1994f-words#@am1994f#171.257#171.546
616	глазами	глаз	NOUN	_	Animacy=Inan|Case=Ins|Gender=Masc|Number=Plur	_	_	_	@am1994f-words#@am1994f#171.546#171.835
617	на	на	ADP	_	_	_	_	_	@am1994f-words#@am1994f#171.835#172.124
618	все	все	PRON	_	Animacy=Inan|Case=Acc|Gender=Neut|Number=Sing	_	_	_	@am1994f-words#@am1994f#172.124#172.413
619	/	/	PUNCT	_	_	_	_	_	@am1994f-words#@am1994f#172.413#172.702
620	на	на	ADP	_	_	_	_	_	@am1994f-words#@am1994f#172.702#172.991
621	каждую	каждый	DET	_	Case=Acc|Gender=Fem|Number=Sing	_	_	_	@am1994f-words#@am1994f#172.991#173.28
622	мелочь	мелочь	NOUN	_	Animacy=Inan|Case=Acc|Gender=Fem|Number=Sing	_	_	_	@am1994f-words#@am1994f#173.28#173.58
623	На	на	ADP	_	_	_	_	_	@am1994f-words#@am1994f#174.22#174.511
624	эти	этот	DET	_	Case=Acc|Number=Plur	_	_	_	@am1994f-words#@am1994f#174.511#174.802
625	гигантские	гигантский	ADJ	_	Animacy=Inan|Case=Acc|Degree=Pos|Number=Plur	_	_	_	@am1994f-words#@am1994f#174.802#175.093
626	кровати	кровать	NOUN	_	Animacy=Inan|Case=Acc|Gender=Fem|Number=Plur	_	_	_	@am1994f-words#@am1994f#175.093#175.384
627	в	в	ADP	_	_	_	_	_	@am1994f-words#@am1994f#175.384#175.675
628	отеле	отель	NOUN	_	Animacy=Inan|Case=Loc|Gender=Neut|Number=Sing	_	_	_	@am1994f-words#@am1994f#175.675#175.966
629	/	/	PUNCT	_	_	_	_	_	@am1994f-words#@am1994f#175.966#176.257
630	/	/	PUNCT	_	_	_	_	_	@am1994f-words#@am1994f#176.257#176.548
631	на	на	ADP	_	_	_	_	_	@am1994f-words#@am1994f#176.548#176.839
632	порции	порция	NOUN	_	Animacy=Inan|Case=Loc|Gender=Fem|Number=Sing	_	_	_	@am1994f-words#@am1994f#176.839#177.13
633	в	в	ADP	_	_	_	_	_	@am1994f-words#@am1994f#177.13#177.421
634	ресторанах	ресторан	NOUN	_	Animacy=Inan|Case=Loc|Gender=Masc|Number=Plur	_	_	_	@am1994f-words#@am1994f#177.421#177.712
635	/	/	PUNCT	_	_	_	_	_	@am1994f-words#@am1994f#177.712#178.003
636	/	/	PUNCT	_	_	_	_	_	@am1994f-words#@am1994f#178.003#178.294
637	просто	просто	PART	_	_	_	_	_	@am1994f-words#@am1994f#178.294#178.585
638	на	на	ADP	_	_	_	_	_	@am1994f-words#@am1994f#178.585#178.876
639	людей	человек	NOUN	_	Animacy=Anim|Case=Acc|Gender=Masc|Number=Plur	_	_	_	@am1994f-words#@am1994f#178.876#179.167
640	/	/	PUNCT	_	_	_	_	_	@am1994f-words#@am1994f#179.167#179.458
641	какие	какой	DET	_	Case=Nom|Number=Plur	_	_	_	@am1994f-words#@am1994f#179.458#179.749
642	они	они	PRON	_	Case=Nom|Number=Plur|Person=3	_	_	_	@am1994f-words#@am1994f#179.749#180.04
643	расслабленные	расслабить	VERB	_	Aspect=Perf|Case=Nom|Number=Plur|Tense=Past|VerbForm=Part|Voice=Pass	_	_	_	@am1994f-words#@am1994f#180.04#180.331
644	/	/	PUNCT	_	_	_	_	_	@am1994f-words#@am1994f#180.331#180.622
645	/	/	PUNCT	_	_	_	_	_	@am1994f-words#@am1994f#180.622#180.913
646	не	не	PART	_	_	_	_	_	@am1994f-words#@am1994f#180.913#181.204
647	знаю	знать	VERB	_	Aspect=Imp|Mood=Ind|Number=Sing|Person=1|Tense=Pres|VerbForm=Fin|Voice=Act	_	_	_	@am1994f-words#@am1994f#181.204#181.495
648	/	/	PUNCT	_	_	_	_	_	@am1994f-words#@am1994f#181.495#181.786
649	разноцветные	разноцветный	ADJ	_	Case=Nom|Degree=Pos|Number=Plur	_	_	_	@am1994f-words#@am1994f#181.786#182.077
650	все	все	PRON	_	Animacy=Inan|Case=Nom|Gender=Neut|Number=Sing	_	_	_	@am1994f-words#@am1994f#182.077#182.368
651	так	так	ADV	_	Degree=Pos	_	_	_	@am1994f-words#@am1994f#182.368#182.659
652	важно	важный	ADJ	_	Degree=Pos|Gender=Neut|Number=Sing|Variant=Short	_	_	_	@am1994f-words#@am1994f#182.659#182.95
653	сказать	сказать	VERB	_	Aspect=Perf|VerbForm=Inf|Voice=Act	_	_	_	@am1994f-words#@am1994f#182.95#183.241
654	/	/	PUNCT	_	_	_	_	_	@am1994f-words#@am1994f#183.241#183.532
655	все	все	PRON	_	Animacy=Inan|Case=Nom|Gender=Neut|Number=Sing	_	_	_	@am1994f-words#@am1994f#183.532#183.823
656	в	в	ADP	_	_	_	_	_	@am1994f-words#@am1994f#183.823#184.114
657	разной	разный	ADJ	_	Case=Loc|Degree=Pos|Gender=Fem|Number=Sing	_	_	_	@am1994f-words#@am1994f#184.114#184.405
658	одежде	одежда	NOUN	_	Animacy=Inan|Case=Loc|Gender=Fem|Number=Sing	_	_	_	@am1994f-words#@am1994f#184.405#184.696
659	/	/	PUNCT	_	_	_	_	_	@am1994f-words#@am1994f#184.696#184.987
660	с	с	ADP	_	_	_	_	_	@am1994f-words#@am1994f#184.987#185.278
661	разными	разный	ADJ	_	Case=Ins|Degree=Pos|Number=Plur	_	_	_	@am1994f-words#@am1994f#185.278#185.569
662	стилями	стиль	NOUN	_	Animacy=Inan|Case=Ins|Gender=Masc|Number=Plur	_	_	_	@am1994f-words#@am1994f#185.569#185.86
663	/	/	PUNCT	_	_	_	_	_	@am1994f-words#@am1994f#185.86#186.151
664	/	/	PUNCT	_	_	_	_	_	@am1994f-words#@am1994f#186.151#186.442
665	это	это	PRON	_	Animacy=Inan|Case=Nom|Gender=Neut|Number=Sing	_	_	_	@am1994f-words#@am1994f#186.442#186.733
666	классно	классный	ADJ	_	Degree=Pos|Gender=Neut|Number=Sing|Variant=Short	_	_	_	@am1994f-words#@am1994f#186.733#187.024
667	/	/	PUNCT	_	_	_	_	_	@am1994f-words#@am1994f#187.024#187.315
668	щас	щас	ADV	_	Degree=Pos	_	_	_	@am1994f-words#@am1994f#187.315#187.606
669	так	так	ADV	_	Degree=Pos	_	_	_	@am1994f-words#@am1994f#187.606#187.897
670	уже	уже	ADV	_	Degree=Pos	_	_	_	@am1994f-words#@am1994f#187.897#188.188
671	привыкла	привыкнуть	VERB	_	Aspect=Perf|Gender=Fem|Mood=Ind|Number=Sing|Tense=Past|VerbForm=Fin|Voice=Act	_	_	_	@am1994f-words#@am1994f#188.188#188.479
672	уже	уже	ADV	_	Degree=Pos	_	_	_	@am1994f-words#@am1994f#188.479#188.77
673	своя	свой	DET	_	Case=Nom|Gender=Fem|Number=Sing	_	_	_	@am1994f-words#@am1994f#188.77#189.061
674	тут	тут	ADV	_	Degree=Pos	_	_	_	@am1994f-words#@am1994f#189.061#189.38
675	Да	да	PART	_	_	_	_	_	@am1994f-words#@am1994f#190.38#190.783
676	все	все	PRON	_	Animacy=Inan|Case=Acc|Gender=Neut|Number=Sing	_	_	_	@am1994f-words#@am1994f#190.783#191.186
677	/	/	PUNCT	_	_	_	_	_	@am1994f-words#@am1994f#191.186#191.589
678	/	/	PUNCT	_	_	_	_	_	@am1994f-words#@am1994f#191.589#191.992
679	но	но	CCONJ	_	_	_	_	_	@am1994f-words#@am1994f#191.992#192.395
680	по	по	ADP	_	_	_	_	_	@am1994f-words#@am1994f#192.395#192.798
681	прежнему	прежний	ADJ	_	Case=Dat|Degree=Pos|Gender=Neut|Number=Sing	_	_	_	@am1994f-words#@am1994f#192.798#193.201
682	это	это	DET	_	Case=Acc|Gender=Neut|Number=Sing	_	_	_	@am1994f-words#@am1994f#193.201#193.604
683	ощущение	ощущение	NOUN	_	Animacy=Inan|Case=Acc|Gender=Neut|Number=Sing	_	_	_	@am1994f-words#@am1994f#193.604#194.007
684	какой-то	какой-то	DET	_	Case=Gen|Gender=Fem|Number=Sing	_	_	_	@am1994f-words#@am1994f#194.007#194.41
685	/	/	PUNCT	_	_	_	_	_	@am1994f-words#@am1994f#194.41#194.813
686	свободы	свобода	NOUN	_	Animacy=Inan|Case=Gen|Gender=Fem|Number=Sing	_	_	_	@am1994f-words#@am1994f#194.813#195.216
687	расслабленности	расслабленность	NOUN	_	Animacy=Inan|Case=Gen|Gender=Fem|Number=Sing	_	_	_	@am1994f-words#@am1994f#195.216#195.619
688	оно	оно	PRON	_	Case=Nom|Gender=Neut|Number=Sing|Person=3	_	_	_	@am1994f-words#@am1994f#195.619#196.022
689	очень	очень	ADV	_	Degree=Pos	_	_	_	@am1994f-words#@am1994f#196.022#196.425
690	мне	я	PRON	_	Case=Dat|Number=Sing|Person=1	_	_	_	@am1994f-words#@am1994f#196.425#196.828
691	сильно	сильно	ADV	_	Degree=Pos	_	_	_	@am1994f-words#@am1994f#196.828#197.231
692	нравится	нравиться	VERB	_	Aspect=Imp|Mood=Ind|Number=Sing|Person=3|Tense=Pres|VerbForm=Fin|Voice=Mid	_	_	_	@am1994f-words#@am1994f#197.231#197.64
693	Ммм	Ммм	INTJ	_	_	_	_	_	@am1994f-words#@am1994f#200.783#200.92
694	/	/	PUNCT	_	_	_	_	_	@am1994f-words#@am1994f#200.92#201.057
695	не	не	PART	_	_	_	_	_	@am1994f-words#@am1994f#201.057#201.194
696	знаю	знать	VERB	_	Aspect=Imp|Mood=Ind|Number=Sing|Person=1|Tense=Pres|VerbForm=Fin|Voice=Act	_	_	_	@am1994f-words#@am1994f#201.194#201.331
697	Не	не	PART	_	_	_	_	_	@am1994f-words#@am1994f#202.336#202.647
698	знаю	знать	VERB	_	Aspect=Imp|Mood=Ind|Number=Sing|Person=1|Tense=Pres|VerbForm=Fin|Voice=Act	_	_	_	@am1994f-words#@am1994f#202.647#202.958
699	ну	ну	INTJ	_	_	_	_	_	@am1994f-words#@am1994f#202.958#203.269
700	тоесть	тоесть	ADV	_	_	_	_	_	@am1994f-words#@am1994f#203.269#203.58
701	сейчас	сейчас	ADV	_	Degree=Pos	_	_	_	@am1994f-words#@am1994f#203.58#203.891
702	мне	я	PRON	_	Case=Dat|Number=Sing|Person=1	_	_	_	@am1994f-words#@am1994f#203.891#204.202
703	хорошо	хорошо	ADV	_	Degree=Pos	_	_	_	@am1994f-words#@am1994f#204.202#204.513
704	тут	тут	ADV	_	Degree=Pos	_	_	_	@am1994f-words#@am1994f#204.513#204.824
705	месяц	месяц	NOUN	_	Animacy=Inan|Case=Acc|Gender=Masc|Number=Sing	_	_	_	@am1994f-words#@am1994f#204.824#205.135
706	пожить	жить	VERB	_	Aspect=Perf|VerbForm=Inf|Voice=Act	_	_	_	@am1994f-words#@am1994f#205.135#205.446
707	но	но	CCONJ	_	_	_	_	_	@am1994f-words#@am1994f#205.446#205.757
708	навсегда	навсегда	ADV	_	Degree=Pos	_	_	_	@am1994f-words#@am1994f#205.757#206.068
709	остаться	остаться	VERB	_	Aspect=Perf|VerbForm=Inf|Voice=Mid	_	_	_	@am1994f-words#@am1994f#206.068#206.379
710	не	не	PART	_	_	_	_	_	@am1994f-words#@am1994f#206.379#206.69
711	знаю	знать	VERB	_	Aspect=Imp|Mood=Ind|Number=Sing|Person=1|Tense=Pres|VerbForm=Fin|Voice=Act	_	_	_	@am1994f-words#@am1994f#206.69#207.001
712	пока	пока	ADV	_	Degree=Pos	_	_	_	@am1994f-words#@am1994f#207.001#207.326
713	Ну	ну	INTJ	_	_	_	_	_	@am1994f-words#@am1994f#207.736#207.96
714	по	по	ADP	_	_	_	_	_	@am1994f-words#@am1994f#207.96#208.184
715	крайней	крайний	ADJ	_	Case=Dat|Degree=Pos|Gender=Fem|Number=Sing	_	_	_	@am1994f-words#@am1994f#208.184#208.408
716	мере	мера	NOUN	_	Animacy=Inan|Case=Dat|Gender=Fem|Number=Sing	_	_	_	@am1994f-words#@am1994f#208.408#208.632
717	не	не	PART	_	_	_	_	_	@am1994f-words#@am1994f#208.632#208.856
718	в	в	ADP	_	_	_	_	_	@am1994f-words#@am1994f#208.856#209.08
719	этом	этот	DET	_	Case=Loc|Gender=Masc|Number=Sing	_	_	_	@am1994f-words#@am1994f#209.08#209.304
720	районе	район	NOUN	_	Animacy=Inan|Case=Loc|Gender=Masc|Number=Sing	_	_	_	@am1994f-words#@am1994f#209.304#209.528
721	он	он	PRON	_	Case=Nom|Gender=Masc|Number=Sing|Person=3	_	_	_	@am1994f-words#@am1994f#209.528#209.752
722	какой-то	какой-то	DET	_	Case=Nom|Gender=Masc|Number=Sing	_	_	_	@am1994f-words#@am1994f#209.752#209.976
723	прям	прямо	INTJ	_	_	_	_	_	@am1994f-words#@am1994f#209.976#210.2
724	очень	очень	ADV	_	Degree=Pos	_	_	_	@am1994f-words#@am1994f#210.2#210.424
725	/	/	PUNCT	_	_	_	_	_	@am1994f-words#@am1994f#210.424#210.648
726	/	/	PUNCT	_	_	_	_	_	@am1994f-words#@am1994f#210.648#210.872
727	не	не	PART	_	Polarity=Neg	_	_	_	@am1994f-words#@am1994f#210.872#211.096
728	то	то	PRON	_	Animacy=Inan|Case=Nom|Gender=Neut|Number=Sing	_	_	_	@am1994f-words#@am1994f#211.096#211.32
729	что	что	SCONJ	_	_	_	_	_	@am1994f-words#@am1994f#211.32#211.544
730	туристический	туристический	ADJ	_	Case=Nom|Degree=Pos|Gender=Masc|Number=Sing	_	_	_	@am1994f-words#@am1994f#211.544#211.768
731	Такой	такой	DET	_	Case=Nom|Gender=Masc|Number=Sing	_	_	_	@am1994f-words#@am1994f#212.831#213.162
732	да	да	PART	_	_	_	_	_	@am1994f-words#@am1994f#213.162#213.494
733	Да	да	PART	_	_	_	_	_	@am1994f-words#@am1994f#215.389#215.856
734	Я	я	PRON	_	Case=Nom|Number=Sing|Person=1	_	_	_	@am1994f-words#@am1994f#216.913#217.079
735	планирую	планировать	VERB	_	Aspect=Imp|Mood=Ind|Number=Sing|Person=1|Tense=Pres|VerbForm=Fin|Voice=Act	_	_	_	@am1994f-words#@am1994f#217.079#217.245
736	/	/	PUNCT	_	_	_	_	_	@am1994f-words#@am1994f#217.245#217.411
737	/	/	PUNCT	_	_	_	_	_	@am1994f-words#@am1994f#217.411#217.577
738	в	в	ADP	_	_	_	_	_	@am1994f-words#@am1994f#217.577#217.743
739	нью-йорк	нью-йорк	PROPN	_	_	_	_	_	@am1994f-words#@am1994f#217.743#217.909
740	получается	получаться	VERB	_	Aspect=Imp|Mood=Ind|Number=Sing|Person=3|Tense=Pres|VerbForm=Fin|Voice=Mid	_	_	_	@am1994f-words#@am1994f#217.909#218.075
741	полететь	полететь	VERB	_	Aspect=Perf|VerbForm=Inf|Voice=Act	_	_	_	@am1994f-words#@am1994f#218.075#218.241
742	осенью	осень	NOUN	_	Animacy=Inan|Case=Ins|Gender=Fem|Number=Sing	_	_	_	@am1994f-words#@am1994f#218.241#218.407
743	/	/	PUNCT	_	_	_	_	_	@am1994f-words#@am1994f#218.407#218.573
744	/	/	PUNCT	_	_	_	_	_	@am1994f-words#@am1994f#218.573#218.739
745	я	я	PRON	_	Case=Nom|Number=Sing|Person=1	_	_	_	@am1994f-words#@am1994f#218.739#218.905
746	уже	уже	ADV	_	Degree=Pos	_	_	_	@am1994f-words#@am1994f#218.905#219.071
747	сегодня	сегодня	ADV	_	Degree=Pos	_	_	_	@am1994f-words#@am1994f#219.071#219.237
748	на	на	ADP	_	_	_	_	_	@am1994f-words#@am1994f#219.237#219.403
749	паре	пара	NOUN	_	Animacy=Inan|Case=Loc|Gender=Fem|Number=Sing	_	_	_	@am1994f-words#@am1994f#219.403#219.569
750	посмотрела	смотреть	VERB	_	Aspect=Perf|Gender=Fem|Mood=Ind|Number=Sing|Tense=Past|VerbForm=Fin|Voice=Act	_	_	_	@am1994f-words#@am1994f#219.569#219.735
751	билеты	билет	NOUN	_	Animacy=Inan|Case=Acc|Gender=Masc|Number=Plur	_	_	_	@am1994f-words#@am1994f#219.735#219.905
752	Я	я	PRON	_	Case=Nom|Number=Sing|Person=1	_	_	_	@am1994f-words#@am1994f#220.283#220.543
753	уже	уже	ADV	_	Degree=Pos	_	_	_	@am1994f-words#@am1994f#220.543#220.803
754	сегодня	сегодня	ADV	_	Degree=Pos	_	_	_	@am1994f-words#@am1994f#220.803#221.063
755	на	на	ADP	_	_	_	_	_	@am1994f-words#@am1994f#221.063#221.323
756	паре	пара	NOUN	_	Animacy=Inan|Case=Loc|Gender=Fem|Number=Sing	_	_	_	@am1994f-words#@am1994f#221.323#221.583
757	посмотрела	смотреть	VERB	_	Aspect=Perf|Gender=Fem|Mood=Ind|Number=Sing|Tense=Past|VerbForm=Fin|Voice=Act	_	_	_	@am1994f-words#@am1994f#221.583#221.843
758	билеты	билет	NOUN	_	Animacy=Inan|Case=Acc|Gender=Masc|Number=Plur	_	_	_	@am1994f-words#@am1994f#221.843#222.108
759	Да	Да	PART	_	_	_	_	_	@am1994f-words#@am1994f#222.938#223.176
760	/	/	PUNCT	_	_	_	_	_	@am1994f-words#@am1994f#223.176#223.414
761	туда	туда	ADV	_	Degree=Pos	_	_	_	@am1994f-words#@am1994f#223.414#223.652
762	обратно	обратно	ADV	_	Degree=Pos	_	_	_	@am1994f-words#@am1994f#223.652#223.89
763	/	/	PUNCT	_	_	_	_	_	@am1994f-words#@am1994f#223.89#224.128
764	надо	надо	ADV	_	Degree=Pos	_	_	_	@am1994f-words#@am1994f#224.128#224.366
765	уже	уже	ADV	_	Degree=Pos	_	_	_	@am1994f-words#@am1994f#224.366#224.604
766	брать	брать	VERB	_	Aspect=Imp|VerbForm=Inf|Voice=Act	_	_	_	@am1994f-words#@am1994f#224.604#224.842
767	их	они	PRON	_	Case=Acc|Number=Plur|Person=3	_	_	_	@am1994f-words#@am1994f#224.842#225.08
768	/	/	PUNCT	_	_	_	_	_	@am1994f-words#@am1994f#225.08#225.318
769	/	/	PUNCT	_	_	_	_	_	@am1994f-words#@am1994f#225.318#225.556
770	и	и	CCONJ	_	_	_	_	_	@am1994f-words#@am1994f#225.556#225.794
771	погуглила	погуглить	VERB	_	Aspect=Perf|Gender=Fem|Mood=Ind|Number=Sing|Tense=Past|VerbForm=Fin|Voice=Act	_	_	_	@am1994f-words#@am1994f#225.794#226.032
772	школы	школа	NOUN	_	Animacy=Inan|Case=Acc|Gender=Fem|Number=Plur	_	_	_	@am1994f-words#@am1994f#226.032#226.27
773	фотографии	фотография	NOUN	_	Animacy=Inan|Case=Gen|Gender=Fem|Number=Sing	_	_	_	@am1994f-words#@am1994f#226.27#226.508
774	И	и	CCONJ	_	_	_	_	_	@am1994f-words#@am1994f#226.508#226.746
775	курсы	курс	NOUN	_	Animacy=Inan|Case=Acc|Gender=Masc|Number=Plur	_	_	_	@am1994f-words#@am1994f#226.746#226.984
776	/	/	PUNCT	_	_	_	_	_	@am1994f-words#@am1994f#226.984#227.222
777	я	я	PRON	_	Case=Nom|Number=Sing|Person=1	_	_	_	@am1994f-words#@am1994f#227.222#227.46
778	поняла	понять	VERB	_	Aspect=Perf|Gender=Fem|Mood=Ind|Number=Sing|Tense=Past|VerbForm=Fin|Voice=Act	_	_	_	@am1994f-words#@am1994f#227.46#227.698
779	что	что	SCONJ	_	_	_	_	_	@am1994f-words#@am1994f#227.698#227.936
780	есть	быть	VERB	_	Aspect=Imp|Mood=Ind|Number=Sing|Person=3|Tense=Pres|VerbForm=Fin|Voice=Act	_	_	_	@am1994f-words#@am1994f#227.936#228.174
781	много	много	ADV	_	Degree=Pos	_	_	_	@am1994f-words#@am1994f#228.174#228.412
782	школ	школа	NOUN	_	Animacy=Inan|Case=Gen|Gender=Fem|Number=Plur	_	_	_	@am1994f-words#@am1994f#228.412#228.65
783	есть	быть	VERB	_	Aspect=Imp|Mood=Ind|Number=Sing|Person=3|Tense=Pres|VerbForm=Fin|Voice=Act	_	_	_	@am1994f-words#@am1994f#228.65#228.888
784	много	много	ADV	_	Degree=Pos	_	_	_	@am1994f-words#@am1994f#228.888#229.126
785	курсов	курс	NOUN	_	Animacy=Inan|Case=Gen|Gender=Masc|Number=Plur	_	_	_	@am1994f-words#@am1994f#229.126#229.364
786	/	/	PUNCT	_	_	_	_	_	@am1994f-words#@am1994f#229.364#229.602
787	разной	разный	ADJ	_	Case=Gen|Degree=Pos|Gender=Fem|Number=Sing	_	_	_	@am1994f-words#@am1994f#229.602#229.84
788	длительности	длительность	NOUN	_	Animacy=Inan|Case=Gen|Gender=Fem|Number=Sing	_	_	_	@am1994f-words#@am1994f#229.84#230.078
789	/	/	PUNCT	_	_	_	_	_	@am1994f-words#@am1994f#230.078#230.316
790	можно	можно	ADV	_	Degree=Pos	_	_	_	@am1994f-words#@am1994f#230.316#230.554
791	найти	найти	VERB	_	Aspect=Perf|VerbForm=Inf|Voice=Act	_	_	_	@am1994f-words#@am1994f#230.554#230.792
792	хоть	хоть	ADV	_	Degree=Pos	_	_	_	@am1994f-words#@am1994f#230.792#231.03
793	на	на	ADP	_	_	_	_	_	@am1994f-words#@am1994f#231.03#231.268
794	неделю	неделя	NOUN	_	Animacy=Inan|Case=Acc|Gender=Fem|Number=Sing	_	_	_	@am1994f-words#@am1994f#231.268#231.506
795	/	/	PUNCT	_	_	_	_	_	@am1994f-words#@am1994f#231.506#231.744
796	хоть	хоть	ADV	_	Degree=Pos	_	_	_	@am1994f-words#@am1994f#231.744#231.982
797	на	на	ADP	_	_	_	_	_	@am1994f-words#@am1994f#231.982#232.22
798	выходные	выходной	NOUN	_	Animacy=Inan|Case=Acc|Gender=Masc|Number=Plur	_	_	_	@am1994f-words#@am1994f#232.22#232.458
799	/	/	PUNCT	_	_	_	_	_	@am1994f-words#@am1994f#232.458#232.696
800	/	/	PUNCT	_	_	_	_	_	@am1994f-words#@am1994f#232.696#232.934
801	но	но	CCONJ	_	_	_	_	_	@am1994f-words#@am1994f#232.934#233.172
802	я	я	PRON	_	Case=Nom|Number=Sing|Person=1	_	_	_	@am1994f-words#@am1994f#233.172#233.41
803	бы	бы	AUX	_	_	_	_	_	@am1994f-words#@am1994f#233.41#233.648
804	взяла	брать	VERB	_	Aspect=Perf|Gender=Fem|Mood=Ind|Number=Sing|Tense=Past|VerbForm=Fin|Voice=Act	_	_	_	@am1994f-words#@am1994f#233.648#233.886
805	что	что	SCONJ	_	_	_	_	_	@am1994f-words#@am1994f#233.886#234.124
806	то	то	SCONJ	_	_	_	_	_	@am1994f-words#@am1994f#234.124#234.362
807	на	на	ADP	_	_	_	_	_	@am1994f-words#@am1994f#234.362#234.6
808	несколько	несколько	NUM	_	Animacy=Inan|Case=Acc	_	_	_	@am1994f-words#@am1994f#234.6#234.838
809	недель	неделя	NOUN	_	Animacy=Inan|Case=Gen|Gender=Fem|Number=Plur	_	_	_	@am1994f-words#@am1994f#234.838#235.081
810	Надо	надо	ADV	_	Degree=Pos	_	_	_	@am1994f-words#@am1994f#236.407#236.661
811	надо	надо	ADV	_	Degree=Pos	_	_	_	@am1994f-words#@am1994f#236.661#236.915
812	выбрать	выбрать	VERB	_	Aspect=Perf|VerbForm=Inf|Voice=Act	_	_	_	@am1994f-words#@am1994f#236.915#237.169
813	/	/	PUNCT	_	_	_	_	_	@am1994f-words#@am1994f#237.169#237.423
814	пока	пока	ADV	_	Degree=Pos	_	_	_	@am1994f-words#@am1994f#237.423#237.677
815	что	что	SCONJ	_	_	_	_	_	@am1994f-words#@am1994f#237.677#237.931
816	не	не	PART	_	_	_	_	_	@am1994f-words#@am1994f#237.931#238.185
817	знаю	знать	VERB	_	Aspect=Imp|Mood=Ind|Number=Sing|Person=1|Tense=Pres|VerbForm=Fin|Voice=Act	_	_	_	@am1994f-words#@am1994f#238.185#238.439
818	как	как	ADV	_	Degree=Pos	_	_	_	@am1994f-words#@am1994f#238.439#238.693
819	/	/	PUNCT	_	_	_	_	_	@am1994f-words#@am1994f#238.693#238.947
820	есть	быть	VERB	_	Aspect=Imp|Mood=Ind|Number=Sing|Person=3|Tense=Pres|VerbForm=Fin|Voice=Act	_	_	_	@am1994f-words#@am1994f#238.947#239.201
821	можно	можно	ADV	_	Degree=Pos	_	_	_	@am1994f-words#@am1994f#239.201#239.455
822	прям	прямо	INTJ	_	_	_	_	_	@am1994f-words#@am1994f#239.455#239.709
823	в	в	ADP	_	_	_	_	_	@am1994f-words#@am1994f#239.709#239.963
824	универ	универ	NOUN	_	Animacy=Inan|Case=Acc|Gender=Masc|Number=Sing	_	_	_	@am1994f-words#@am1994f#239.963#240.217
825	пойти	пойти	VERB	_	Aspect=Perf|VerbForm=Inf|Voice=Act	_	_	_	@am1994f-words#@am1994f#240.217#240.471
826	учиться	учиться	VERB	_	Aspect=Imp|VerbForm=Inf|Voice=Mid	_	_	_	@am1994f-words#@am1994f#240.471#240.725
827	но	но	CCONJ	_	_	_	_	_	@am1994f-words#@am1994f#240.725#240.979
828	это	это	PRON	_	Animacy=Inan|Case=Nom|Gender=Neut|Number=Sing	_	_	_	@am1994f-words#@am1994f#240.979#241.233
829	прям	прямо	INTJ	_	_	_	_	_	@am1994f-words#@am1994f#241.233#241.487
830	не	не	PART	_	_	_	_	_	@am1994f-words#@am1994f#241.487#241.741
831	моя	мой	DET	_	Case=Nom|Gender=Fem|Number=Sing	_	_	_	@am1994f-words#@am1994f#241.741#241.995
832	тема	тема	NOUN	_	Animacy=Inan|Case=Nom|Gender=Fem|Number=Sing	_	_	_	@am1994f-words#@am1994f#241.995#242.271
833	Спасибо	спасибо	ADV	_	_	_	_	_	@am1994f-words#@am1994f#244.094#244.842
834	Так	так	ADV	_	Degree=Pos	_	_	_	@am1994f-words#@am1994f#254.72#255.163
835	/	/	PUNCT	_	_	_	_	_	@am1994f-words#@am1994f#255.163#255.606
836	давай	давать	VERB	_	Aspect=Imp|Mood=Imp|Number=Sing|Person=2|VerbForm=Fin|Voice=Act	_	_	_	@am1994f-words#@am1994f#255.606#256.049
837	считать	считать	VERB	_	Aspect=Imp|VerbForm=Inf|Voice=Act	_	_	_	@am1994f-words#@am1994f#256.049#256.492
838	/	/	PUNCT	_	_	_	_	_	@am1994f-words#@am1994f#256.492#256.935
839	/	/	PUNCT	_	_	_	_	_	@am1994f-words#@am1994f#256.935#257.378
840	на	на	ADP	_	_	_	_	_	@am1994f-words#@am1994f#257.378#257.821
841	вебинарах	вебинар	NOUN	_	Animacy=Inan|Case=Loc|Gender=Masc|Number=Plur	_	_	_	@am1994f-words#@am1994f#257.821#258.264
842	у	у	ADP	_	_	_	_	_	@am1994f-words#@am1994f#258.264#258.707
843	меня	я	PRON	_	Case=Gen|Number=Sing|Person=1	_	_	_	@am1994f-words#@am1994f#258.707#259.15
844	/	/	PUNCT	_	_	_	_	_	@am1994f-words#@am1994f#259.15#259.593
845	/	/	PUNCT	_	_	_	_	_	@am1994f-words#@am1994f#259.593#260.036
846	один	один	ADJ	_	Animacy=Inan|Case=Acc|Degree=Pos|Gender=Masc|Number=Sing	_	_	_	@am1994f-words#@am1994f#260.036#260.479
847	человек	человек	NOUN	_	Animacy=Anim|Case=Nom|Gender=Masc|Number=Sing	_	_	_	@am1994f-words#@am1994f#260.479#260.922
848	постоянный	постоянный	ADJ	_	Animacy=Inan|Case=Acc|Degree=Pos|Gender=Masc|Number=Sing	_	_	_	@am1994f-words#@am1994f#260.922#261.365
849	Да	Да	PART	_	_	_	_	_	@am1994f-words#@am1994f#263.4#263.878
850	Потом	Потом	ADV	_	Degree=Pos	_	_	_	@am1994f-words#@am1994f#264.517#264.753
851	/	/	PUNCT	_	_	_	_	_	@am1994f-words#@am1994f#264.753#264.989
852	ну	ну	INTJ	_	_	_	_	_	@am1994f-words#@am1994f#264.989#265.225
853	у	у	ADP	_	_	_	_	_	@am1994f-words#@am1994f#265.225#265.461
854	меня	я	PRON	_	Case=Gen|Number=Sing|Person=1	_	_	_	@am1994f-words#@am1994f#265.461#265.697
855	есть	быть	VERB	_	Aspect=Imp|Mood=Ind|Number=Sing|Person=3|Tense=Pres|VerbForm=Fin|Voice=Act	_	_	_	@am1994f-words#@am1994f#265.697#265.933
856	там	там	ADV	_	Degree=Pos	_	_	_	@am1994f-words#@am1994f#265.933#266.169
857	дизайнер	дизайнер	NOUN	_	Animacy=Anim|Case=Nom|Gender=Masc|Number=Sing	_	_	_	@am1994f-words#@am1994f#266.169#266.405
858	/	/	PUNCT	_	_	_	_	_	@am1994f-words#@am1994f#266.405#266.641
859	еще	еще	ADV	_	Degree=Pos	_	_	_	@am1994f-words#@am1994f#266.641#266.877
860	девушка	девушка	NOUN	_	Animacy=Anim|Case=Nom|Gender=Fem|Number=Sing	_	_	_	@am1994f-words#@am1994f#266.877#267.113
861	программист	программист	NOUN	_	Animacy=Anim|Case=Nom|Gender=Masc|Number=Sing	_	_	_	@am1994f-words#@am1994f#267.113#267.349
862	/	/	PUNCT	_	_	_	_	_	@am1994f-words#@am1994f#267.349#267.585
863	ну	ну	INTJ	_	_	_	_	_	@am1994f-words#@am1994f#267.585#267.821
864	я	я	PRON	_	Case=Nom|Number=Sing|Person=1	_	_	_	@am1994f-words#@am1994f#267.821#268.057
865	к	к	ADP	_	_	_	_	_	@am1994f-words#@am1994f#268.057#268.293
866	ней	она	PRON	_	Case=Dat|Gender=Fem|Number=Sing|Person=3	_	_	_	@am1994f-words#@am1994f#268.293#268.529
867	периодически	периодически	ADV	_	Degree=Pos	_	_	_	@am1994f-words#@am1994f#268.529#268.765
868	обращаюсь	обращаться	VERB	_	Aspect=Imp|Mood=Ind|Number=Sing|Person=1|Tense=Pres|VerbForm=Fin|Voice=Mid	_	_	_	@am1994f-words#@am1994f#268.765#269.001
869	все	весь	DET	_	Case=Acc|Gender=Neut|Number=Sing	_	_	_	@am1994f-words#@am1994f#269.001#269.237
870	время	время	NOUN	_	Animacy=Inan|Case=Acc|Gender=Neut|Number=Sing	_	_	_	@am1994f-words#@am1994f#269.237#269.473
871	/	/	PUNCT	_	_	_	_	_	@am1994f-words#@am1994f#269.473#269.709
872	а	а	CCONJ	_	_	_	_	_	@am1994f-words#@am1994f#269.709#269.945
873	точный	точный	ADJ	_	Case=Nom|Degree=Pos|Gender=Masc|Number=Sing	_	_	_	@am1994f-words#@am1994f#269.945#270.181
874	фитнес	фитнес	NOUN	_	Animacy=Inan|Case=Nom|Gender=Masc|Number=Sing	_	_	_	@am1994f-words#@am1994f#270.181#270.417
875	/	/	PUNCT	_	_	_	_	_	@am1994f-words#@am1994f#270.417#270.653
876	я	я	PRON	_	Case=Nom|Number=Sing|Person=1	_	_	_	@am1994f-words#@am1994f#270.653#270.889
877	же	же	PART	_	_	_	_	_	@am1994f-words#@am1994f#270.889#271.125
878	не	не	PART	_	_	_	_	_	@am1994f-words#@am1994f#271.125#271.361
879	сказала	сказать	VERB	_	Aspect=Perf|Gender=Fem|Mood=Ind|Number=Sing|Tense=Past|VerbForm=Fin|Voice=Act	_	_	_	@am1994f-words#@am1994f#271.361#271.597
880	что	что	SCONJ	_	_	_	_	_	@am1994f-words#@am1994f#271.597#271.833
881	у	у	ADP	_	_	_	_	_	@am1994f-words#@am1994f#271.833#272.069
882	меня	я	PRON	_	Case=Gen|Number=Sing|Person=1	_	_	_	@am1994f-words#@am1994f#272.069#272.305
883	есть	быть	VERB	_	Aspect=Imp|Mood=Ind|Number=Sing|Person=3|Tense=Pres|VerbForm=Fin|Voice=Act	_	_	_	@am1994f-words#@am1994f#272.305#272.541
884	фитнес	фитнес	NOUN	_	Animacy=Inan|Case=Nom|Gender=Masc|Number=Sing	_	_	_	@am1994f-words#@am1994f#272.541#272.777
885	школа	школа	NOUN	_	Animacy=Inan|Case=Nom|Gender=Fem|Number=Sing	_	_	_	@am1994f-words#@am1994f#272.777#273.013
886	еще	еще	ADV	_	Degree=Pos	_	_	_	@am1994f-words#@am1994f#273.013#273.267
887	Он	он	PRON	_	Case=Nom|Gender=Masc|Number=Sing|Person=3	_	_	_	@am1994f-words#@am1994f#274.895#275.225
888	теперь	теперь	ADV	_	Degree=Pos	_	_	_	@am1994f-words#@am1994f#275.225#275.555
889	точный	точный	ADJ	_	Case=Nom|Degree=Pos|Gender=Masc|Number=Sing	_	_	_	@am1994f-words#@am1994f#275.555#275.885
890	да	да	CCONJ	_	_	_	_	_	@am1994f-words#@am1994f#275.885#276.215
891	/	/	PUNCT	_	_	_	_	_	@am1994f-words#@am1994f#276.215#276.545
892	/	/	PUNCT	_	_	_	_	_	@am1994f-words#@am1994f#276.545#276.875
893	там	там	ADV	_	Degree=Pos	_	_	_	@am1994f-words#@am1994f#276.875#277.205
894	получается	получаться	VERB	_	Aspect=Imp|Mood=Ind|Number=Sing|Person=3|Tense=Pres|VerbForm=Fin|Voice=Mid	_	_	_	@am1994f-words#@am1994f#277.205#277.535
895	у	у	ADP	_	_	_	_	_	@am1994f-words#@am1994f#277.535#277.865
896	меня	я	PRON	_	Case=Gen|Number=Sing|Person=1	_	_	_	@am1994f-words#@am1994f#277.865#278.195
897	/	/	PUNCT	_	_	_	_	_	@am1994f-words#@am1994f#278.195#278.525
898	два	два	NUM	_	Case=Nom|Gender=Masc	_	_	_	@am1994f-words#@am1994f#278.525#278.855
899	куратора	куратор	NOUN	_	Animacy=Anim|Case=Gen|Gender=Masc|Number=Sing	_	_	_	@am1994f-words#@am1994f#278.855#279.185
900	/	/	PUNCT	_	_	_	_	_	@am1994f-words#@am1994f#279.185#279.515
901	администратор	администратор	NOUN	_	Animacy=Anim|Case=Nom|Gender=Masc|Number=Sing	_	_	_	@am1994f-words#@am1994f#279.515#279.845
902	/	/	PUNCT	_	_	_	_	_	@am1994f-words#@am1994f#279.845#280.175
903	/	/	PUNCT	_	_	_	_	_	@am1994f-words#@am1994f#280.175#280.505
904	теперь	теперь	ADV	_	Degree=Pos	_	_	_	@am1994f-words#@am1994f#280.505#280.835
905	у	у	ADP	_	_	_	_	_	@am1994f-words#@am1994f#280.835#281.165
906	меня	я	PRON	_	Case=Gen|Number=Sing|Person=1	_	_	_	@am1994f-words#@am1994f#281.165#281.495
907	есть	быть	VERB	_	Aspect=Imp|Mood=Ind|Number=Sing|Person=3|Tense=Pres|VerbForm=Fin|Voice=Act	_	_	_	@am1994f-words#@am1994f#281.495#281.825
908	мой	мой	DET	_	Case=Nom|Gender=Masc|Number=Sing	_	_	_	@am1994f-words#@am1994f#281.825#282.155
909	менеджер	менеджер	NOUN	_	Animacy=Anim|Case=Nom|Gender=Masc|Number=Sing	_	_	_	@am1994f-words#@am1994f#282.155#282.485
910	Галя	Галя	PROPN	_	_	_	_	_	@am1994f-words#@am1994f#282.485#282.815
911	/	/	PUNCT	_	_	_	_	_	@am1994f-words#@am1994f#282.815#283.145
912	/	/	PUNCT	_	_	_	_	_	@am1994f-words#@am1994f#283.145#283.475
913	она	она	PRON	_	Case=Nom|Gender=Fem|Number=Sing|Person=3	_	_	_	@am1994f-words#@am1994f#283.475#283.805
914	занимается	заниматься	VERB	_	Aspect=Imp|Mood=Ind|Number=Sing|Person=3|Tense=Pres|VerbForm=Fin|Voice=Mid	_	_	_	@am1994f-words#@am1994f#283.805#284.135
915	/	/	PUNCT	_	_	_	_	_	@am1994f-words#@am1994f#284.135#284.465
916	помогает	помогать	VERB	_	Aspect=Imp|Mood=Ind|Number=Sing|Person=3|Tense=Pres|VerbForm=Fin|Voice=Act	_	_	_	@am1994f-words#@am1994f#284.465#284.795
917	мне	я	PRON	_	Case=Dat|Number=Sing|Person=1	_	_	_	@am1994f-words#@am1994f#284.795#285.125
918	еще	еще	ADV	_	Degree=Pos	_	_	_	@am1994f-words#@am1994f#285.125#285.455
919	также	также	ADV	_	Degree=Pos	_	_	_	@am1994f-words#@am1994f#285.455#285.785
920	/	/	PUNCT	_	_	_	_	_	@am1994f-words#@am1994f#285.785#286.115
921	с	с	ADP	_	_	_	_	_	@am1994f-words#@am1994f#286.115#286.445
922	продвижением	продвижение	NOUN	_	Animacy=Inan|Case=Ins|Gender=Neut|Number=Sing	_	_	_	@am1994f-words#@am1994f#286.445#286.775
923	И	и	CCONJ	_	_	_	_	_	@am1994f-words#@am1994f#287.533#287.865
924	еще	еще	ADV	_	Degree=Pos	_	_	_	@am1994f-words#@am1994f#287.865#288.197
925	у	у	ADP	_	_	_	_	_	@am1994f-words#@am1994f#288.197#288.529
926	нас	мы	PRON	_	Case=Gen|Number=Plur|Person=1	_	_	_	@am1994f-words#@am1994f#288.529#288.861
927	есть	быть	VERB	_	Aspect=Imp|Mood=Ind|Number=Sing|Person=3|Tense=Pres|VerbForm=Fin|Voice=Act	_	_	_	@am1994f-words#@am1994f#288.861#289.193
928	команда	команда	NOUN	_	Animacy=Inan|Case=Nom|Gender=Fem|Number=Sing	_	_	_	@am1994f-words#@am1994f#289.193#289.525
929	/	/	PUNCT	_	_	_	_	_	@am1994f-words#@am1994f#289.525#289.857
930	бота	бот	NOUN	_	Animacy=Inan|Case=Nom|Gender=Masc|Number=Sing	_	_	_	@am1994f-words#@am1994f#289.857#290.189
931	/	/	PUNCT	_	_	_	_	_	@am1994f-words#@am1994f#290.189#290.521
932	/	/	PUNCT	_	_	_	_	_	@am1994f-words#@am1994f#290.521#290.853
933	там	там	ADV	_	Degree=Pos	_	_	_	@am1994f-words#@am1994f#290.853#291.185
934	дваа	два	NUM	_	Case=Nom	_	_	_	@am1994f-words#@am1994f#291.185#291.517
935	человека	человек	NOUN	_	Animacy=Anim|Case=Gen|Gender=Masc|Number=Sing	_	_	_	@am1994f-words#@am1994f#291.517#291.849
936	и	и	CCONJ	_	_	_	_	_	@am1994f-words#@am1994f#291.849#292.181
937	еще	еще	ADV	_	Degree=Pos	_	_	_	@am1994f-words#@am1994f#292.181#292.513
938	команда	команда	NOUN	_	Animacy=Inan|Case=Nom|Gender=Fem|Number=Sing	_	_	_	@am1994f-words#@am1994f#292.513#292.845
939	программистов	программист	NOUN	_	Animacy=Anim|Case=Gen|Gender=Masc|Number=Plur	_	_	_	@am1994f-words#@am1994f#292.845#293.177
940	тут	тут	ADV	_	Degree=Pos	_	_	_	@am1994f-words#@am1994f#293.177#293.509
941	тоже	тоже	PART	_	_	_	_	_	@am1994f-words#@am1994f#293.509#293.841
942	пока	пока	ADV	_	Degree=Pos	_	_	_	@am1994f-words#@am1994f#293.841#294.173
943	что	что	SCONJ	_	_	_	_	_	@am1994f-words#@am1994f#294.173#294.505
944	на	на	ADP	_	_	_	_	_	@am1994f-words#@am1994f#294.505#294.837
945	постоянке	постоянка	NOUN	_	Animacy=Inan|Case=Loc|Gender=Fem|Number=Sing	_	_	_	@am1994f-words#@am1994f#294.837#295.169
946	нет	нет	VERB	_	Aspect=Imp|Mood=Ind|Number=Sing|Person=3|Tense=Pres|VerbForm=Fin|Voice=Act	_	_	_	@am1994f-words#@am1994f#295.169#295.501
947	/	/	PUNCT	_	_	_	_	_	@am1994f-words#@am1994f#295.501#295.833
948	еще	еще	ADV	_	Degree=Pos	_	_	_	@am1994f-words#@am1994f#295.833#296.165
949	двое	двое	NUM	_	Case=Nom	_	_	_	@am1994f-words#@am1994f#296.165#296.5
950	Да	Да	PART	_	_	_	_	_	@am1994f-words#@am1994f#297.193#297.795

